ID,Amir,Ali,Misagh,Agreement Percent,target,doc,,,,,,,
1,1,1,1,100,1,['I am trying to get this program to get the passwords from an array list.,,,,,,,"MAX( ABS(3*MODE(B2:D2) - SUM(B2:D2)), ABS(3 - 3*MODE(B2:D2) - SUM(B2:D2)) )/3*100"
2,0,0,0,100,0,import java.util.ArrayList;,,,,,,,
3,0,0,1,66.66666667,0,public class CompanyDatabase    {,,,,,,,
4,0,0,0,100,0,public ArrayList<Person> getPeople() {,,,,,,,
5,0,0,0,100,0,    ArrayList<Person> people = new ArrayList<Person>();,,,,,,,
6,0,0,0,100,0,"    String[] u = {""Joe"",""Stan"",""Leo"",""John"",""Sara"",""Lauren""};",,,,,,,
7,0,0,0,100,0,"    String[] p = {""pass4321"", ""asdfjkl"", ""genericpw"", ""13579"", ""helloworld"", ""companypass""};",,,,,,,
8,0,0,0,100,0,    for(int j = 0; j < u.length; j++){,,,,,,,
9,0,0,0,100,0,"        Person temp = new Person(u[j],p[j]);",,,,,,,
10,0,0,0,66.66666667,0,    return people;,,,,,,,
11,0,0,0,100,0,import java.util.ArrayList;  ,,,,,,,
12,0,0,0,100,0,import java.util.Scanner;  ,,,,,,,
13,0,0,1,66.66666667,0,public class CompanyDatabaseDriver {  ,,,,,,,
14,0,0,0,100,0,    private static Scanner scan = new Scanner( System.in ) );  ,,,,,,,
15,0,0,0,100,0,    public static void main(String args[]) {  ,,,,,,,
16,0,0,0,100,0,            CompanyDatabase bcData = new CompanyDatabase();  ,,,,,,,
17,0,0,0,100,0,            ArrayList<Person> people = bcData.getPeople();    ,,,,,,,
18,1,1,1,100,1,          // what i tried,,,,,,,
19,1,1,1,100,1,          // also tried this,,,,,,,
20,1,1,1,100,1,The output is ,,,,,,,
21,0,0,0,100,0,"[Person@1c9b9ca, Person@c4aad3, Person@1ab28fe, Person@105738, Person@ce5b1c, Person@1bfc93a]",,,,,,,
22,1,1,1,100,1,or just ,,,,,,,
23,1,1,1,100,1,for the 2nd thing I tried.,,,,,,,
24,1,1,1,100,1,The specific number / letter combination seems to change each time the program is run.  Is there a way to specify which string to display from the array list? ,,,,,,,
25,1,1,1,100,1,['Is it possible to create reentrant aspects with Spring AOP (or AspectJ)?,,,,,,,
26,1,1,1,100,1,Here is an example:,,,,,,,
27,0,0,0,100,0,public int calcFibonacci(int n) {,,,,,,,
28,0,0,0,100,0,    if(n <= 1) {,,,,,,,
29,0,0,0,100,0,        return n;,,,,,,,
30,0,0,0,100,0,    } else {,,,,,,,
31,0,0,0,100,0,        return calcFibonacci(n - 1) + calcFibonacci(n - 2);,,,,,,,
32,1,1,1,100,1,And Aspect:,,,,,,,
33,0,0,0,100,0,public class LoggingAspect {,,,,,,,
34,0,0,0,100,0,"public Object measure(ProceedingJoinPoint pjp, Log log) throws Throwable {",,,,,,,
35,1,1,1,100,1,    // log some relevant information from log annotation and pjp,,,,,,,
36,0,0,0,100,0,    return pjp.proceed();,,,,,,,
37,1,1,1,100,1,Now I\'d like to know how many times calcFibonacci was called (counting in recurrent calls). ,,,,,,,
38,1,1,1,100,1,Is there any way to accomplish this?,,,,,,,
39,1,1,1,100,1,"[""I have a String representation of a date that I need to create a Date or Calendar object from. I've looked through Date and Calendar APIs but haven't found anything that can do this other than creating my own ugly parse method. I know there must be a way, does anyone know of a solution?",,,,,,,
40,1,1,1,100,1,['I have a distributed Java application running on 5 application servers. The servers all use the same Oracle 9i database running on a 6th machine.,,,,,,,
41,1,1,1,100,1,"The application need to prefetch a batch of 100 IDs from a sequence. It\'s relatively easy to do in a single-threaded, non-distributed environment, you can just issue these queries:",,,,,,,
42,0,0,0,100,0,SELECT seq.nextval FROM dual;,,,,,,,
43,0,0,0,100,0,ALTER SEQUENCE seq INCREMENT BY 100;,,,,,,,
44,0,0,0,100,0,SELECT seq.nextval FROM dual;,,,,,,,
45,1,1,1,100,1,"The first select fetches the first sequence ID that the application can use, the second select returns the last one that can be used.",,,,,,,
46,1,1,1,100,1,Things get way more interesting in a multithreaded environment. You can\'t be sure that before the second select another thread doesn\'t increase the sequence by 100 again. This issue can be solved by synchronizing the access on the Java side - you only let one thread begin fetching the IDs at one time.,,,,,,,
47,1,1,1,100,1,"The situation becomes really hard when you can\'t synchronize because parts of the application doesn\'t run on the same JVM, not even on the same physical machine. I found some references on forums that others have problems with solving this problem too, but none of the answers are really working not to mention being reasonable.",,,,,,,
48,1,1,1,100,1,Can the community provide a solution for this problem?,,,,,,,
49,1,1,1,100,1,Some more information:,,,,,,,
50,1,1,1,100,1,"I can\'t really play with the transaction isolation levels. I use JPA and the change would affect the entire application, not only the prefetching queries and that\'s not acceptable for me.",,,,,,,
51,1,1,1,100,1,On PostgreSQL I could do the following:,,,,,,,
52,0,0,0,100,0,"SELECT setval(\'seq\', NEXTVAL(\'seq\') + n - 1)",,,,,,,
53,1,1,1,100,1,"The solution by Matthew works when you can use a fixed increment value (which is perfectly acceptable in my case). However is there a solution when you don\'t want to fix the size of the increment, but want to adjust it dynamically?",,,,,,,
54,1,1,1,100,1,"['I have a project with lots of files. After switching to an SSD disk, things became impossible, its extremely slow. I reinstalled, upgraded to a new version (oxygen) but nothing changes.",,,,,,,
55,1,1,1,100,1,"For example, a refresh of workspace can take 10 minutes. A single file renaming, 5 minutes. But sometimes (it happens occasionally) these operations are really fast.",,,,,,,
56,1,1,1,100,1,My OS is Debian 4.9.30-2+deb9u5 (2017-09-19) x86_64.,,,,,,,
57,1,1,1,100,1,Eclipse build information:,,,,,,,
58,1,1,1,100,1,Eclipse Java EE IDE for Web Developers.,,,,,,,
59,0,1,0,66.66666667,0,Version: Oxygen.1a Release (4.7.1a),,,,,,,
60,0,0,0,100,0,Build id: 20171005-1200,,,,,,,
61,0,0,0,100,0,"OS: Linux, v.4.9.0-3-amd64, x86_64 / gtk 2.24.31",,,,,,,
62,1,1,1,100,1,"Before the SSD disk switch, I had no problem.",,,,,,,
63,1,1,1,100,1,"['I want to create a button in PDFBOX i.e., validate or reset button which will call some function of embedded javascript in PDF.",,,,,,,
64,1,1,1,100,1,How can I create such button in PDFBOX?,,,,,,,
65,1,1,1,100,1,"I have tried following code with PDPushButton snippet but it is now working properly. Here when I click on button area, then tick mark symbol is displayed and toggles on every click. Also border is not getting displayed.",,,,,,,
66,1,1,1,100,1,Instead I want to display normal button having label and border around it.,,,,,,,
67,1,1,1,100,1,I`m using pdfbox version 1.8.10.,,,,,,,
68,0,0,0,100,0,PDDocument doc = new PDDocument();,,,,,,,
69,0,0,0,100,0,PDPage page = new PDPage();,,,,,,,
70,0,0,0,100,0,PDAcroForm acroForm = new PDAcroForm(doc);,,,,,,,
71,0,0,0,100,0,"        PDActionJavaScript javascript = new PDActionJavaScript(""function validate(index){ app.alert(index); }"");",,,,,,,
72,0,0,0,100,0,        doc.getDocumentCatalog().setOpenAction( javascript );,,,,,,,
73,0,0,0,100,0,COSDictionary cosDict = new COSDictionary();,,,,,,,
74,0,0,0,100,0,            COSArray rect = new COSArray();,,,,,,,
75,0,0,0,100,0,            rect.add(new COSFloat(100));,,,,,,,
76,0,0,0,100,0,            rect.add(new COSFloat(10));,,,,,,,
77,0,0,0,100,0,            rect.add(new COSFloat(200));,,,,,,,
78,0,0,0,100,0,            rect.add(new COSFloat(60));,,,,,,,
79,0,0,0,100,0,"            cosDict.setItem(COSName.RECT, rect);",,,,,,,
80,0,0,0,100,0,"            cosDict.setItem(COSName.FT, COSName.getPDFName(""Btn"")); // Field Type",,,,,,,
81,0,0,0,100,0,"            cosDict.setItem(COSName.TYPE, COSName.ANNOT);",,,,,,,
82,0,0,0,100,0,"            cosDict.setItem(COSName.SUBTYPE, COSName.getPDFName(""Widget""));",,,,,,,
83,0,0,0,100,0,"            cosDict.setItem(COSName.T, new COSString(""My Btn""));",,,,,,,
84,0,0,0,100,0,"            cosDict.setItem(COSName.V, new COSString(""Validate""));",,,,,,,
85,0,0,0,100,0,"            cosDict.setItem(COSName.DA, new COSString(""/Helv 7 Tf 0 g""));",,,,,,,
86,0,0,0,100,0,"            PDPushButton button = new PDPushButton(acroForm, cosDict);",,,,,,,
87,0,0,0,100,0,"            button.setValue(""Validate Button"");",,,,,,,
88,0,0,0,100,0,"            PDActionJavaScript tfJs = new PDActionJavaScript(""validate(""+index+"");"");",,,,,,,
89,0,0,0,100,0,            PDAnnotationAdditionalActions tfAction = new PDAnnotationAdditionalActions();,,,,,,,
90,0,0,0,100,0,            PDGamma colourBlack = new PDGamma();,,,,,,,
91,0,0,0,100,0,            PDAppearanceCharacteristicsDictionary fieldAppearance = ,,,,,,,
92,0,0,0,100,0,                    new PDAppearanceCharacteristicsDictionary(cosDict);,,,,,,,
93,1,1,1,100,1,['I\'m trying to simply send an email from gmail in a JUnit test using a service account.,,,,,,,
94,1,1,1,100,1,I have this test:,,,,,,,
95,0,0,0,100,0,"public void testGmailCredential() throws GeneralSecurityException, URISyntaxException {",,,,,,,
96,0,0,1,66.66666667,0,    try {,,,,,,,
97,0,0,0,100,0,"        InputStream is = getClass().getClassLoader().getResourceAsStream(""myProject.json"");",,,,,,,
98,0,0,0,100,0,        GoogleCredential credential = GoogleCredential.fromStream(is).createScoped(GmailScopes.all());,,,,,,,
99,0,0,0,100,0,"        System.out.println(""Scopes are "" + credential.getServiceAccountScopesAsString());",,,,,,,
100,0,0,0,100,0,"        Gmail gmailService = new Gmail.Builder(getHttpTransport(), JSON_FACTORY, credential)",,,,,,,
101,0,0,0,100,0,"                  .setApplicationName(""WHAT SHOULD THIS VALUE BE?"")",,,,,,,
102,0,0,0,100,0,"        InternetAddress to = new InternetAddress(""myemail@myurl.com"", ""Tom Catfish"");",,,,,,,
103,0,0,0,100,0,"        InternetAddress from = new InternetAddress(""myServiceAccountId@xxxxxxxxxx.iam.gserviceaccount.com"", ""Some Name"");",,,,,,,
104,0,0,0,100,0,        Properties props = new Properties();,,,,,,,
105,0,0,0,100,0,"        Session session = Session.getDefaultInstance(props, null);",,,,,,,
106,0,0,0,100,0,        MimeMessage email = new MimeMessage(session);,,,,,,,
107,0,0,0,100,0,"        email.addRecipient(javax.mail.Message.RecipientType.TO, to);",,,,,,,
108,0,0,0,100,0,"        email.setSubject(""Subject here"");",,,,,,,
109,0,0,0,100,0,"        email.setText(""body here"");",,,,,,,
110,0,0,0,100,0,        ByteArrayOutputStream buffer = new ByteArrayOutputStream();,,,,,,,
111,0,0,0,100,0,        byte[] bytes = buffer.toByteArray();,,,,,,,
112,0,0,0,100,0,        String encodedEmail = Base64.getUrlEncoder().encodeToString(bytes);,,,,,,,
113,0,0,0,100,0,        Message message = new Message();,,,,,,,
114,0,0,0,100,0,"        message = gmailService.users().messages().send(""me"", message).execute();",,,,,,,
115,0,0,0,100,0,"        System.out.println(""Message id: "" + message.getId());",,,,,,,
116,1,1,1,100,1,        // other code...,,,,,,,
117,1,1,1,100,1,Which fails with this:,,,,,,,
118,1,1,1,100,1,Scopes are https://www.googleapis.com/auth/gmail.compose,,,,,,,
119,0,0,0,100,0,com.google.api.client.googleapis.json.GoogleJsonResponseException: 400 Bad Request,,,,,,,
120,0,0,0,100,0,"  ""code"" : 400,",,,,,,,
121,0,0,0,100,0,"  ""errors"" : [ {",,,,,,,
122,0,0,0,100,0,"    ""domain"" : ""global"",",,,,,,,
123,0,0,0,100,0,"    ""message"" : ""Bad Request"",",,,,,,,
124,0,0,0,100,0,"    ""reason"" : ""failedPrecondition""",,,,,,,
125,0,0,0,100,0,"  } ],",,,,,,,
126,0,0,0,100,0,"  ""message"" : ""Bad Request""",,,,,,,
127,0,0,0,100,0,    at com.google.api.client.googleapis.json.GoogleJsonResponseException.from(GoogleJsonResponseException.java:145),,,,,,,
128,0,0,0,100,0,    at com.google.api.client.googleapis.services.json.AbstractGoogleJsonClientRequest.newExceptionOnError(AbstractGoogleJsonClientRequest.java:113),,,,,,,
129,0,0,0,100,0,    at com.google.api.client.googleapis.services.json.AbstractGoogleJsonClientRequest.newExceptionOnError(AbstractGoogleJsonClientRequest.java:40),,,,,,,
130,0,0,0,100,0,    at com.google.api.client.googleapis.services.AbstractGoogleClientRequest$1.interceptResponse(AbstractGoogleClientRequest.java:321),,,,,,,
131,0,0,0,100,0,    at com.google.api.client.http.HttpRequest.execute(HttpRequest.java:1056),,,,,,,
132,0,0,0,100,0,    at com.google.api.client.googleapis.services.AbstractGoogleClientRequest.executeUnparsed(AbstractGoogleClientRequest.java:419),,,,,,,
133,0,0,0,100,0,    at com.google.api.client.googleapis.services.AbstractGoogleClientRequest.executeUnparsed(AbstractGoogleClientRequest.java:352),,,,,,,
134,0,0,0,100,0,    at com.google.api.client.googleapis.services.AbstractGoogleClientRequest.execute(AbstractGoogleClientRequest.java:469),,,,,,,
135,0,0,0,100,0,    at com.op.services.NotificationServiceTest.testGmailCredential(NotificationServiceTest.java:90),,,,,,,
136,0,0,0,100,0,    at sun.reflect.NativeMethodAccessorImpl.invoke0(Native Method),,,,,,,
137,0,0,0,100,0,    at sun.reflect.NativeMethodAccessorImpl.invoke(NativeMethodAccessorImpl.java:62),,,,,,,
138,0,0,0,100,0,    at sun.reflect.DelegatingMethodAccessorImpl.invoke(DelegatingMethodAccessorImpl.java:43),,,,,,,
139,0,0,0,100,0,    at java.lang.reflect.Method.invoke(Method.java:497),,,,,,,
140,0,0,0,100,0,    at org.junit.runners.model.FrameworkMethod$1.runReflectiveCall(FrameworkMethod.java:50),,,,,,,
141,0,0,0,100,0,    at org.junit.internal.runners.model.ReflectiveCallable.run(ReflectiveCallable.java:12),,,,,,,
142,0,0,0,100,0,    at org.junit.runners.model.FrameworkMethod.invokeExplosively(FrameworkMethod.java:47),,,,,,,
143,0,0,0,100,0,    at org.junit.internal.runners.statements.InvokeMethod.evaluate(InvokeMethod.java:17),,,,,,,
144,0,0,0,100,0,    at org.junit.runners.ParentRunner.runLeaf(ParentRunner.java:325),,,,,,,
145,0,0,0,100,0,    at org.junit.runners.BlockJUnit4ClassRunner.runChild(BlockJUnit4ClassRunner.java:78),,,,,,,
146,0,0,0,100,0,    at org.junit.runners.BlockJUnit4ClassRunner.runChild(BlockJUnit4ClassRunner.java:57),,,,,,,
147,0,0,0,100,0,    at org.junit.runners.ParentRunner$3.run(ParentRunner.java:290),,,,,,,
148,0,0,0,100,0,    at org.junit.runners.ParentRunner$1.schedule(ParentRunner.java:71),,,,,,,
149,0,0,0,100,0,    at org.junit.runners.ParentRunner.runChildren(ParentRunner.java:288),,,,,,,
150,0,0,0,100,0,    at org.junit.runners.ParentRunner.access$000(ParentRunner.java:58),,,,,,,
151,0,0,0,100,0,    at org.junit.runners.ParentRunner$2.evaluate(ParentRunner.java:268),,,,,,,
152,0,0,0,100,0,    at org.junit.runners.ParentRunner.run(ParentRunner.java:363),,,,,,,
153,0,0,0,100,0,    at org.eclipse.jdt.internal.junit4.runner.JUnit4TestReference.run(JUnit4TestReference.java:86),,,,,,,
154,0,0,0,100,0,    at org.eclipse.jdt.internal.junit.runner.TestExecution.run(TestExecution.java:38),,,,,,,
155,0,0,0,100,0,    at org.eclipse.jdt.internal.junit.runner.RemoteTestRunner.runTests(RemoteTestRunner.java:459),,,,,,,
156,0,0,0,100,0,    at org.eclipse.jdt.internal.junit.runner.RemoteTestRunner.runTests(RemoteTestRunner.java:675),,,,,,,
157,0,0,0,100,0,    at org.eclipse.jdt.internal.junit.runner.RemoteTestRunner.run(RemoteTestRunner.java:382),,,,,,,
158,0,0,0,100,0,    at org.eclipse.jdt.internal.junit.runner.RemoteTestRunner.main(RemoteTestRunner.java:192),,,,,,,
159,1,1,1,100,1,I have the file src/test/resources/myProject.json which contains this information:,,,,,,,
160,0,0,1,66.66666667,0,"  ""type"": ""service_account"",",,,,,,,
161,0,0,0,100,0,"  ""project_id"": ""xxxxxxxxxxx"",",,,,,,,
162,0,0,1,66.66666667,0,"  ""private_key_id"": ""28341330..."",",,,,,,,
163,0,0,0,100,0,"  ""private_key"": ""-----BEGIN PRIVATE KEY-----\\.........\",,,,,,,
164,0,0,0,100,0,#NAME?,,,,,,,
165,0,0,0,100,0,"  ""client_email"": ""myServiceAccountId@xxxxxxxxxx.iam.gserviceaccount.com"",",,,,,,,
166,0,0,0,100,0,"  ""client_id"": ""1182...."",",,,,,,,
167,0,0,0,100,0,"  ""auth_uri"": ""https://accounts.google.com/o/oauth2/auth"",",,,,,,,
168,0,0,0,100,0,"  ""token_uri"": ""https://accounts.google.com/o/oauth2/token"",",,,,,,,
169,0,0,0,100,0,"  ""auth_provider_x509_cert_url"": ""https://www.googleapis.com/oauth2/v1/certs"",",,,,,,,
170,0,0,0,100,0,"  ""client_x509_cert_url"": ""https://www.googleapis.com/robot/v1/metadata/x509/myApp%40xxxxxxx.iam.gserviceaccount.com""",,,,,,,
171,1,1,1,100,1,"How can I troubleshoot what is causing this stupid, not helpful failedPrecondition resopnse from Google?",,,,,,,
172,1,1,1,100,1,"[""I have a Spring Boot application which throws the below exception when lauching. The strange thing is the same jar (when run from windows and Ubuntu) works with a fresh install of MySQL 5.7 on Windows but does NOT work on MySQL 5.6 on Ubuntu 14 lts and throws the below exception! ",,,,,,,
173,1,1,1,100,1,"The root privileges, passwords are exactly the same. I tried with fresh installs on MySQL on Windows and Ubuntu. I am clueless at this point - I have tried steps in answers similar to this question on SO, but nothing works. ",,,,,,,
174,1,1,1,100,1,Is it likely an issue with mysql versions? What am I possibly missing?,,,,,,,
175,1,1,1,100,1,    EVERE: Unable to create initial connections of pool.,,,,,,,
176,0,0,0,100,0,java.sql.SQLException: Access denied for user 'root'@'localhost' (using password                                                                                        : YES),,,,,,,
177,0,0,0,100,0,        at com.mysql.jdbc.SQLError.createSQLException(SQLError.java:963),,,,,,,
178,0,0,0,100,0,        at com.mysql.jdbc.MysqlIO.checkErrorPacket(MysqlIO.java:3966),,,,,,,
179,0,0,0,100,0,        at com.mysql.jdbc.MysqlIO.checkErrorPacket(MysqlIO.java:3902),,,,,,,
180,0,0,0,100,0,        at com.mysql.jdbc.MysqlIO.checkErrorPacket(MysqlIO.java:875),,,,,,,
181,0,0,0,100,0,        at com.mysql.jdbc.MysqlIO.proceedHandshakeWithPluggableAuthentication(My                                                                                        sqlIO.java:1712),,,,,,,
182,0,0,0,100,0,        at com.mysql.jdbc.MysqlIO.doHandshake(MysqlIO.java:1228),,,,,,,
183,0,0,0,100,0,        at com.mysql.jdbc.ConnectionImpl.coreConnect(ConnectionImpl.java:2253),,,,,,,
184,0,0,0,100,0,        at com.mysql.jdbc.ConnectionImpl.connectOneTryOnly(ConnectionImpl.java:2                                                                                        284),,,,,,,
185,0,0,0,100,0,        at com.mysql.jdbc.ConnectionImpl.createNewIO(ConnectionImpl.java:2083),,,,,,,
186,0,0,0,100,0,        at com.mysql.jdbc.ConnectionImpl.<init>(ConnectionImpl.java:806),,,,,,,
187,0,0,0,100,0,        at com.mysql.jdbc.JDBC4Connection.<init>(JDBC4Connection.java:47),,,,,,,
188,0,0,0,100,0,        at sun.reflect.NativeConstructorAccessorImpl.newInstance0(Native Method),,,,,,,
189,0,0,0,100,0,        at sun.reflect.NativeConstructorAccessorImpl.newInstance(NativeConstruct                                                                                        orAccessorImpl.java:62),,,,,,,
190,0,0,0,100,0,        at sun.reflect.DelegatingConstructorAccessorImpl.newInstance(DelegatingC                                                                                        onstructorAccessorImpl.java:45),,,,,,,
191,0,0,0,100,0,        at java.lang.reflect.Constructor.newInstance(Constructor.java:408),,,,,,,
192,0,0,0,100,0,        at com.mysql.jdbc.Util.handleNewInstance(Util.java:404),,,,,,,
193,0,0,0,100,0,        at com.mysql.jdbc.ConnectionImpl.getInstance(ConnectionImpl.java:410),,,,,,,
194,0,0,0,100,0,        at com.mysql.jdbc.NonRegisteringDriver.connect(NonRegisteringDriver.java                                                                                        :328),,,,,,,
195,1,1,1,100,1,"['I am trying to some JUnit tests that simulate a server across the network dying. I have an internal utility that allows me to forward traffic from a port on localhost to any port on any other box, and I have used it for these test cases. The problem is that the utility is written in Python and for Unix only so it\'s hard to automate it inside Eclipse. My question is:",,,,,,,
196,1,1,1,100,1,Is there a Java library that can allow me to do this automatically at the drop of a method call?,,,,,,,
197,1,1,1,100,1,"In effect, I want something like Hoxy (which is for Node.js) but for Java.",,,,,,,
198,1,1,1,100,1,['I have 2 questions on how how to parse a specific aspect of this XML in JAXB with annotations.,,,,,,,
199,1,1,1,100,1,Assuming I have a FosterHome class defined...,,,,,,,
200,1,1,1,100,1,"1) For the ""Children"" tag, is there a way to contain the properties within a ""Children"" class without having to create a separate ""Info"" class?",,,,,,,
201,1,1,1,100,1,"2) Since the perperties of the ""Info"" tag are related to ""ChildList"" also, should I be having two Child classes one without Info and one with Info? Or is there a better way?",,,,,,,
202,1,1,1,100,1,Im trying to find the best way to parse this. Please refer to this posting for current set of classes: How do I parse this XML in Java with JAXB?,,,,,,,
203,1,0,0,66.66666667,0,<Orphanage>Happy Days Daycare</Orphanage>,,,,,,,
204,1,0,0,66.66666667,0,<Location>Apple Street</Location>,,,,,,,
205,1,1,1,100,1,['I need a Quartz job to retrieve data from a Database.,,,,,,,
206,1,1,1,100,1,From reading the documents it recommends using simple primitive types in the Quartz Job Execution,,,,,,,
207,1,1,1,100,1,My Question is this - should I:,,,,,,,
208,1,1,1,100,1,Re-initialize my connection to the DB every time the Quartz Job Fires,,,,,,,
209,1,1,1,100,1,Pass the DB connection object as a parameter to the Quartz Object,,,,,,,
210,1,1,1,100,1,['I would like to replace Location header in one condition. I use the following to enable Redirect,,,,,,,
211,1,1,1,100,1,"What I did is to extended AsyncCompletionHandler class, and from there I @Override onHeadersReceived(),",,,,,,,
212,0,0,0,100,0,public State onHeadersReceived(final HttpResponseHeaders headers) throws Exception {,,,,,,,
213,0,0,0,100,0,"String location = headers.getHeaders().get(""Location"").replace(""itmss"", ""https""",,,,,,,
214,0,0,0,100,0,DefaultHttpHeaders httpHeaders = new DefaultHttpHeaders();,,,,,,,
215,0,0,0,100,0,"httpHeaders.add(HEADER, location);",,,,,,,
216,0,0,0,100,0,return inner.onHeadersReceived(new HttpResponseHeaders(httpHeaders));,,,,,,,
217,1,1,1,100,1,"However, I see that the request still uses itms instead of https, which means the Location header is not replaced.",,,,,,,
218,1,1,1,100,1,"The current plan is to implement a interceptor that runs before Redirect30xInterceptor.java(https://github.com/AsyncHttpClient/async-http-client/blob/dd459294434a408cff3c65c9f5c402b82d60aaa2/client/src/main/java/org/asynchttpclient/netty/handler/intercept/Redirect30xInterceptor.java), and change the url.",,,,,,,
219,1,1,1,100,1,"The other plan is to do a while loop for the following code, and whenever receiving 3XX, set a new url in the next request.",,,,,,,
220,0,0,0,100,0,"                             .addHeader(""User-Agent"", request.getUserAgent())",,,,,,,
221,0,0,0,100,0,                             .execute(new ResponseAsyncCompletionHandler(request)),,,,,,,
222,0,1,1,66.66666667,1,"The ultimate goal is to replace itms:// to https://, so the next request uses https instead of itms.",,,,,,,
223,1,1,1,100,1,['I\'d like to know if you can display more than one div or table content of same id from onchange value.  Like if I select an option from drop down and it displays its content but i want to display another content from elsewhere in my page when same option is selected. ,,,,,,,
224,1,1,1,100,1,My code is as follows:,,,,,,,
225,1,0,0,66.66666667,0,"<select name=""debitOrderType"" id = ""debitOrderType"" ",,,,,,,
226,0,0,0,100,0,<option>Please select...</option>,,,,,,,
227,0,0,0,100,0,"<option value=""BANK"" selected>Debit Order (Monthly)</option>",,,,,,,
228,0,0,0,100,0,"<option value=""CARD"">Credit Card (Monthly)</option>",,,,,,,
229,0,0,0,100,0,"<option value=""INVOICE"">Invoice (Yearly)</option>",,,,,,,
230,1,1,1,100,1,Then when selecting Invoice from dropdown it displays the following:,,,,,,,
231,0,0,0,100,0,"<tbody id=""INVOICE"" style=""display: none;"">",,,,,,,
232,0,0,0,100,0,"<td class=""field"">Thank you for selecting to pay yearly in advance. By doing so you ",,,,,,,
233,1,1,1,100,1,are receiving one month\'s free listing.,,,,,,,
234,1,1,1,100,1,But now i want to display the following ALSO when Invoice is selected but in another part of the page:,,,,,,,
235,0,0,0,100,0,"<tbody id=""INVOICE"" style=""display: none;"">",,,,,,,
236,0,0,0,100,0,"<tr><td height=""5""></td></tr>",,,,,,,
237,0,0,0,100,0,"<tr><td align=""right"">This is your discounted yearly price</td></tr>  ",,,,,,,
238,1,1,1,100,1,But only the first part is showing and not both. It looks like you can\'t display more than one content from same Id. ,,,,,,,
239,1,1,1,100,1,Hope you can help me?,,,,,,,
240,1,1,1,100,1,Thanks in advance!,,,,,,,
241,1,1,1,100,1,['Brand new to Java netbeans),,,,,,,
242,1,1,1,100,1,Why does this give me an illegal start of type?,,,,,,,
243,1,1,1,100,1," * To change this license header, choose License Headers in Project Properties.",,,,,,,
244,1,1,1,100,1," * To change this template file, choose Tools | Templates",,,,,,,
245,1,1,1,100,1, * and open the template in the editor.,,,,,,,
246,0,0,0,100,0,package doccentertestingencryption;,,,,,,,
247,0,0,0,100,0,import java.io.BufferedReader;,,,,,,,
248,0,0,0,100,0,import java.io.IOException;,,,,,,,
249,0,0,0,100,0,import java.io.InputStream;,,,,,,,
250,0,0,0,100,0,import java.io.InputStreamReader;,,,,,,,
251,0,0,0,100,0,import java.security.cert.Certificate;,,,,,,,
252,0,0,0,100,0,import java.security.cert.CertificateFactory;,,,,,,,
253,0,0,0,100,0,import java.util.logging.Level;,,,,,,,
254,0,0,0,100,0,import java.util.logging.Logger;,,,,,,,
255,0,0,0,100,0, * @author dbarry,,,,,,,
256,0,0,0,100,0,public class FileLoader {,,,,,,,
257,0,0,1,66.66666667,0,    public class ClassLoaderDemo {,,,,,,,
258,0,0,0,100,0,"        String Foo = ""bar"";",,,,,,,
259,0,0,0,100,0,        try {,,,,,,,
260,0,0,0,100,0,            ClassLoader classLoader = ClassLoaderDemo.class.getClassLoader();,,,,,,,
261,0,0,0,100,0,            if (classLoader != null) {,,,,,,,
262,0,0,0,100,0,"                InputStream is = classLoader.getResourceAsStream(""mesh.xml"");",,,,,,,
263,0,0,0,100,0,                BufferedReader br = new BufferedReader(new InputStreamReader(is));,,,,,,,
264,0,0,0,100,0,"                String s = """";",,,,,,,
265,0,0,0,100,0,                try {,,,,,,,
266,0,0,0,100,0,                    while ((s = br.readLine()) != null)  {,,,,,,,
267,0,0,0,100,0,                } catch (IOException ex) {,,,,,,,
268,0,0,0,100,0,"                    Logger.getLogger(FileLoader.class.getName()).log(Level.SEVERE, null, ex);",,,,,,,
269,0,0,0,100,0,        } catch (Exception e) {,,,,,,,
270,0,0,0,100,0,['package jdbc;,,,,,,,
271,0,0,0,100,0,import java.sql.*;,,,,,,,
272,0,0,0,100,0,import java.util.Scanner;  ,,,,,,,
273,0,0,1,66.66666667,0,class driver{  ,,,,,,,
274,0,0,0,100,0,public static void main(String args[]){  ,,,,,,,
275,0,0,0,100,0,"        Connection con=DriverManager.getConnection(""jdbc:mysql://localhost:3306/countries"",""root"","""");  ",,,,,,,
276,0,0,0,100,0,        Statement stmt=con.createStatement();  ,,,,,,,
277,0,0,0,100,0,"        ResultSet rs=stmt.executeQuery(""select * from countries""); ",,,,,,,
278,0,0,0,100,0,        int count = 1;,,,,,,,
279,0,0,0,100,0,        Scanner scan = new Scanner(System.in);,,,,,,,
280,0,0,0,100,0,"System.out.println(""What county"");",,,,,,,
281,0,0,0,100,0,String info = scan.next();,,,,,,,
282,0,0,0,100,0,while(rs.next() ),,,,,,,
283,0,0,0,100,0,"    if(rs.getString(""name"").charAt(rs.getString(""name"").length() -1) == info.charAt(0) && rs.getString(""name"").equalsIgnoreCase((info)))",,,,,,,
284,0,0,0,100,0,"System.out.println(""success"" + rs.getString(""name""));",,,,,,,
285,0,0,0,100,0,catch(Exception e){ System.out.println(e);,,,,,,,
286,1,1,1,100,1,"My code obove connects to a database with all country names.  My game prints success when the last letter of the country given last equals the first letter of the country given next turn.  For example I type Canada, next input is Angola ect ...",,,,,,,
287,1,1,1,100,1,"['I ran into a problem with compiling my code. I managed to fix all the compiling errors that popped up aside from a few cannot find symbols all revolving around points I receive input. For the life of me I cannot find what is causing them. I realize I\'m probably overlooking something, but I have no idea what that is at this moment.",,,,,,,
288,0,0,0,100,0,import java.util.Scanner;,,,,,,,
289,0,0,0,100,0,import java.io.*;,,,,,,,
290,0,0,0,100,0,public class Tester{,,,,,,,
291,0,0,0,100,0,    public static void main(String[] args){,,,,,,,
292,0,0,0,100,0,    Scanner input=new Scanner(new File(args[0]));,,,,,,,
293,0,0,0,100,0,     char posit = input.nextChar();//Finds first character,,,,,,,
294,0,0,0,100,0,     String compar = Character.toString(posit);,,,,,,,
295,0,0,0,100,0,"     if(compar.equals(""#"")){//If using manager symbol",,,,,,,
296,0,0,0,100,0,        String firstN = input.nextString();,,,,,,,
297,0,0,0,100,0,        String lastN = input.nextString();,,,,,,,
298,0,0,0,100,0,        double var1 = input.nextDouble();,,,,,,,
299,0,0,0,100,0,"        Employee.Manager(firstN, lastN, var1);",,,,,,,
300,0,0,0,100,0,     }//End if manager statement,,,,,,,
301,0,0,0,100,0,"     else if(compar.equals(""*"")){//If using hourly symbol",,,,,,,
302,0,0,0,100,0,        String firstN = input.nextString();,,,,,,,
303,0,0,0,100,0,        String lastN = input.nextString();,,,,,,,
304,0,0,0,100,0,        double var1 = input.nextDouble();,,,,,,,
305,0,0,0,100,0,        double var2 = input.nextDouble();,,,,,,,
306,0,0,0,100,0,"        Employee.HourlyWorker(firstN, lastN, var1, var2);",,,,,,,
307,0,0,0,100,0,     }//End if hourly statement       ,,,,,,,
308,0,0,0,100,0,   }//End while loop,,,,,,,
309,0,0,0,100,0,  }//End main method,,,,,,,
310,0,0,0,100,0,}//End class,,,,,,,
311,0,1,1,66.66666667,1,Following are my errors:,,,,,,,
312,0,1,1,66.66666667,1,Line 14:  error: cannot find symbol ,,,,,,,
313,0,0,0,100,0,     char posit = input.nextChar();//Finds first character                   ,,,,,,,
314,0,0,0,100,0,symbol:   method nextChar() ,,,,,,,
315,0,1,1,66.66666667,1,location: variable input of type Scanner ,,,,,,,
316,0,1,1,66.66666667,1,Line 17:  error: cannot find symbol ,,,,,,,
317,0,0,0,100,0,        String firstN = input.nextString();  ,,,,,,,
318,0,0,0,100,0,symbol:   method nextString() ,,,,,,,
319,0,1,1,66.66666667,1,location: variable input of type Scanner ,,,,,,,
320,0,1,1,66.66666667,1,Line 18:  error: cannot find symbol ,,,,,,,
321,0,0,0,100,0,        String lastN = input.nextString();                                 ,,,,,,,
322,0,0,0,100,0,symbol:   method nextString() ,,,,,,,
323,0,1,1,66.66666667,1,location: variable input of type Scanner ,,,,,,,
324,0,1,1,66.66666667,1,Line 26:  error: cannot find symbol ,,,,,,,
325,0,0,0,100,0,        String firstN = input.nextString();                                 ,,,,,,,
326,0,0,0,100,0,symbol:   method nextString() ,,,,,,,
327,0,1,1,66.66666667,1,location: variable input of type Scanner ,,,,,,,
328,0,1,1,66.66666667,1,Line 27:  error: cannot find symbol ,,,,,,,
329,0,0,0,100,0,        String lastN = input.nextString();                                 ,,,,,,,
330,0,0,0,100,0,symbol:   method nextString() ,,,,,,,
331,0,1,1,66.66666667,1,location: variable input of type Scanner ,,,,,,,
332,0,1,1,66.66666667,1,5 errors ,,,,,,,
333,1,1,1,100,1,['I am trying to upload image file to a django Image field. All the fields get populated except image.,,,,,,,
334,1,1,1,100,1,My model is as follows:,,,,,,,
335,0,0,0,100,0,class ImageModel(models.Model):,,,,,,,
336,0,0,0,100,0,"    image_title = models.CharField(max_length=50, null=False, blank=False)",,,,,,,
337,0,0,0,100,0,"    uploader = models.CharField(max_length=50, null=False, blank=False)",,,,,,,
338,0,0,0,100,0,"    image = models.ImageField(upload_to=\'imgs/\', null=True, blank=True)",,,,,,,
339,1,1,1,100,1,And here\'s the Java code snippet for inserting data:,,,,,,,
340,0,0,0,100,0,"String query = ""INSERT INTO testapp_ImageModel (image_title , uploader , image) VALUES(?, ?, ?)"";",,,,,,,
341,0,0,1,66.66666667,0,"File file = new File(""Image location goes here"");",,,,,,,
342,0,0,0,100,0,try {,,,,,,,
343,0,0,0,100,0,        FileInputStream fis = new FileInputStream(file);,,,,,,,
344,0,0,0,100,0,        ByteArrayOutputStream bos = new ByteArrayOutputStream();,,,,,,,
345,0,0,0,100,0,        byte [] buffer = new byte[1024];,,,,,,,
346,0,0,0,100,0,        for(int readNum; (readNum = fis.read(buffer)) != -1; ){,,,,,,,
347,0,0,0,100,0,"            bos.write(buffer, 0, readNum);",,,,,,,
348,0,0,0,100,0,"            System.out.println(""Read "" + readNum + "" bytes..."");",,,,,,,
349,0,0,0,100,0,        byte [] image = bos.toByteArray();,,,,,,,
350,0,0,0,100,0,        PreparedStatement ps = connection.prepareStatement(query);,,,,,,,
351,0,0,0,100,0,"        ps.setString(1, ""Some Title"");",,,,,,,
352,0,0,0,100,0,"        ps.setString(2, ""Uploader Name goes here"");",,,,,,,
353,0,0,0,100,0,"        ps.setBytes(3, image);",,,,,,,
354,0,0,1,66.66666667,0,    }catch (Exception e) {,,,,,,,
355,1,1,1,100,1,I know ImageField in django won\'t behave as I am expecting here but don\'t know how to proceed with the issue. Please someone help me.,,,,,,,
356,1,1,1,100,1,"['I need to take a XML element and its children, escape the XML and append them as a text node in another document. I know this approach is stupid, but an API requires it.",,,,,,,
357,1,1,1,100,1,Could I accomplish this using one of many XML libraries for Java? ,,,,,,,
358,1,1,1,100,1,"I tried using JAXP, but my code doesn\'t escape apostrophes and double quotes.",,,,,,,
359,0,0,0,100,0,    …,,,,,,,
360,0,0,0,100,0,    String content = elementToString(nodeToEscape);,,,,,,,
361,0,0,0,100,0,    Text text = document.createTextNode(content);,,,,,,,
362,0,0,0,100,0,"    Node n = document.getElementsByTagName(""targetNode"").item(0);",,,,,,,
363,0,0,0,100,0,String elementToString(Element element) {,,,,,,,
364,0,0,0,100,0,    Document document = element.getOwnerDocument();,,,,,,,
365,0,0,0,100,0,    DOMImplementationLS domImplLS = (DOMImplementationLS) document.getImplementation();,,,,,,,
366,0,0,0,100,0,    LSSerializer serializer = domImplLS.createLSSerializer();,,,,,,,
367,0,0,0,100,0,    return serializer.writeToString(element);,,,,,,,
368,1,1,1,100,1,Resulting document fragment:,,,,,,,
369,0,0,0,100,0," &lt;dataItem aggregate=""none"" name=""Order number""…",,,,,,,
370,1,1,1,100,1,"[""Well, I've read a lot about removing duplicated values from lists, but nothing about maintaining those that are in fact duplicated in another list.  I'll try to explain my problem:",,,,,,,
371,1,1,1,100,1,"I have to read some values from a DB and save every entry (integer entry) that matches my searching criterias. This operation is done n times, since it's a loop operation. The returning object must be a List (or ArrayList, or whatever list implementation is the most adequate for my purpose). ",,,,,,,
372,1,1,1,100,1,"To make it clear, some pseudocode:",,,,,,,
373,0,0,0,100,0,for (int i=0; i<nElements; i++) {,,,,,,,
374,0,0,0,100,0,    tempList = getEntriesFromDb(i);,,,,,,,
375,0,0,0,100,0,    if (i==0),,,,,,,
376,1,1,1,100,1,     //this is where I should maintain those entries that are in fact duplicated,,,,,,,
377,1,1,1,100,1,     // in both tempList and result,,,,,,,
378,0,0,0,100,0,"     result = maintainDuplicates(result,tempList);",,,,,,,
379,0,0,1,66.66666667,0,retun result;,,,,,,,
380,1,1,1,100,1,"I would like to know some proposals for my problem. The question is, I could do it making a new loop that extracts every single entry from the lists, create a (third!!) temporal list to save them there, etc.. But I am really aware that this will cause a bottleneck in my implementation.",,,,,,,
381,1,1,1,100,1,"Any help would be appreciated, thanks in advance.",,,,,,,
382,1,1,1,100,1,My Project dosnt have a bin folder,,,,,,,
383,1,1,1,100,1,Have tried the following: ,,,,,,,
384,0,0,0,100,0," D:>java -cp ""Pathtolibfolder\\lib*;Pathtobinfolder\\bin""",,,,,,,
385,0,0,0,100,0,  org.testng.TestNG testng.xml,,,,,,,
386,1,1,1,100,1,Any Ideas?,,,,,,,
387,1,1,1,100,1,['Suppose i have one website with simple pages in php like,,,,,,,
388,1,1,1,100,1,Now there is one page where i want some detailed functioning and i want to use python for that and it will look like,,,,,,,
389,1,1,1,100,1,and in other page i want to use java like,,,,,,,
390,1,1,1,100,1,"Provided i have installed python , java on webserver.",,,,,,,
391,1,1,1,100,1,Is it possible?,,,,,,,
392,1,1,1,100,1,['Why does the following not work in Java?  It would work in C#:,,,,,,,
393,0,0,0,100,0,"public static final List<String> Split(String str, char delimiter)",,,,,,,
394,0,0,0,100,0,"        if ((str == null) || """".equals(str))",,,,,,,
395,0,0,0,100,0,            return new CopyOnWriteArrayList<String>();,,,,,,,
396,1,1,1,100,1,I get an error saying this method has to return List.  CopyOnWriteArrayList implements the List interface.  Why does covariance not apply on return values in Java?,,,,,,,
397,1,1,1,100,1,['We are looking at running our existing Java app on a 64 bit Windows OS and JVM instead of the current 32 bit app.  We noticed that the JSCH SFTP connection takes 15 seconds when run on the 64 bit server vs. a second on 32 bit.  Any ideas why we would see this?,,,,,,,
398,1,1,1,100,1,"['I\'m confused about how I should refresh the state of entity that is already in the database. Being more specific, suppose I have ""entity"" persisted with a code like this:",,,,,,,
399,0,0,0,100,0,EntityManager em = emf.createEntityManager();,,,,,,,
400,1,1,1,100,1,"Since I closed the EntityManager my entity instance is detached. Now suppose that I have other objects using this instance of entity. If I want to fetch the new state of this entity from the database, I pretty much can\'t use em.refresh() because the entity is detached. The em.merge() method returns a managed instance, and since is not the same instance of my object this can be a problem. I can foresee two solutions:",,,,,,,
401,1,1,1,100,1,create a new method in my entity object that updates its state using a given entity instance.,,,,,,,
402,1,1,1,100,1,not close the entity manager (implications !??),,,,,,,
403,1,1,1,100,1,"So, what I should do in this case? How can I refresh the state of my entity object without losing all the references from other objects to it? Ideas?",,,,,,,
404,1,1,1,100,1,['I had the query of how can we take the rating value from the user . I have know the onratingbarlistener . But since the code below is used while prompting user with the dialog box.,,,,,,,
405,1,1,1,100,1,I would appreciate to hear valuable feedbacks or suggestions.                           ,,,,,,,
406,0,0,0,100,0,"                        public void onCompleted(Exception e, ImageView result)",,,,,,,
407,1,1,1,100,1, Solution :,,,,,,,
408,0,0,0,100,0,"public void onRatingChanged(RatingBar ratingBar, float rating, boolean fromTouch) {",,,,,,,
409,0,0,0,100,0,   final int numStars = ratingBar.getNumStars();,,,,,,,
410,0,0,0,100,0,   ratingBar.getRating() ;,,,,,,,
411,0,0,0,100,0,   final float ratingBarStepSize = ratingBar.getStepSize();,,,,,,,
412,1,1,1,100,1,['What is the difference between creating graphics with OpenGL and a 3D modelling software like Blender or Maya. Is the difference same as that between using machine language and a high level language to write code? Is it lengthier to model using OpenGL than with Blender or Maya? ,,,,,,,
413,1,1,1,100,1,['I have the following code.,,,,,,,
414,1,1,1,100,1,//this line returns - UTC,,,,,,,
415,0,0,0,100,0,TimeZone timeZone = TimeZone.getDefault();,,,,,,,
416,0,1,0,66.66666667,0,//date1 - todays date in UTC format,,,,,,,
417,0,0,0,100,0,boolean dstInit = timeZone.inDaylightTime(date1);,,,,,,,
418,0,1,0,66.66666667,0,//date2 - todays date in UTC format,,,,,,,
419,0,0,0,100,0,boolean dstNext = timeZone.inDaylightTime(date2); ,,,,,,,
420,1,1,1,100,1,But due to some reason both dstInit and dstNext returning false (instead of TRUE).,,,,,,,
421,1,1,1,100,1,"date1 and date2 is June 20, 2014 in UST formnat which falls in DST time between march and october. Can anyone please help me in fixing this issue?",,,,,,,
422,1,1,1,100,1,"['I imported a web project build in JSP, which I am relatively new to. I got some errors in WEB-INF/includes/components that I am unable to resolve. ",,,,,,,
423,0,1,1,66.66666667,1,Some .jspf files show me errors such as at that line: ,,,,,,,
424,0,0,0,100,0,"<c:if test=""${fn:length(view.parent.views) > 1}"">",,,,,,,
425,1,1,1,100,1,the error is:,,,,,,,
426,1,1,1,100,1,Multiple annotations found at this line:,,,,,,,
427,0,1,0,66.66666667,0,#NAME?,,,,,,,
428,0,0,0,100,0,- Unknown tag (c:if).,,,,,,,
429,1,1,1,100,1,I also get errors like The function fn:length is undefined errors for fn:length.,,,,,,,
430,1,1,1,100,1,"I followed up with other questions and made sure that standard.jar and jstl-1.2.jar are included in my build path. Moreover, WEB-INF/includes/taglibs.jspf has the following :",,,,,,,
431,0,0,0,100,0,"<%@ taglib prefix=""c"" uri=""http://java.sun.com/jsp/jstl/core"" %>",,,,,,,
432,0,0,0,100,0,"<%@ taglib prefix=""fn"" uri=""http://java.sun.com/jsp/jstl/functions"" %>",,,,,,,
433,1,1,1,100,1,['I\'m running a small test that although is a micro benchmark does mimic what we are actually doing in production pretty well.,,,,,,,
434,1,1,1,100,1,"I\'m creating a 2D array, 5 columns and 10,000,000 rows filled with random integers between 0-19 inclusive. I then want to sum up all the numbers in the 3rd column as long as the value in the 2nd column is even. I do this 100 times to warm up and then another 100 times and time how long it takes.",,,,,,,
435,1,1,1,100,1,"On my machine the vast majority of time it takes around 9 seconds, however, occasionally it takes just under 6 seconds. ",,,,,,,
436,1,1,1,100,1,"It doesn\'t look like garbage collection, or JIT compilation.",,,,,,,
437,1,1,1,100,1,Does anyone have any idea why it would be so significantly faster very occasionally?,,,,,,,
438,1,1,1,100,1,"I run the code with JDK7u11 on Linux with these arguments: -server -XX:+PrintCompilation -Xms500m -Xmx500m -verbose:gc -XX:+PrintGCTimeStamps -XX:+PrintGCDetails however, using various different JDKs (from 6 all the way to 8) and removing all these parameters doesn\'t seem to effect the timings significantly.",,,,,,,
439,1,1,1,100,1,Here is the code:,,,,,,,
440,0,0,0,100,0,import java.util.ArrayList;,,,,,,,
441,0,0,0,100,0,import java.util.Random;,,,,,,,
442,0,0,0,100,0,public class JavaPerformanceTest {,,,,,,,
443,0,0,0,100,0,    public static void main(String[] args) {,,,,,,,
444,0,0,0,100,0,        int numColumns = 5;,,,,,,,
445,0,0,0,100,0,        int numRows = 10000000;,,,,,,,
446,0,0,0,100,0,        int[][] data = new int[numColumns][numRows];,,,,,,,
447,0,0,0,100,0,        Random rand = new Random(1234);,,,,,,,
448,0,0,0,100,0,        for (int j = 0; j < numColumns; j++) {,,,,,,,
449,0,0,0,100,0,            for (int i = 0; i < numRows; i++) {,,,,,,,
450,0,0,0,100,0,                data[j][i] = rand.nextInt(20);,,,,,,,
451,0,0,0,100,0,        int warmUp = 100;,,,,,,,
452,0,0,0,100,0,        ArrayList<Integer> sums = new ArrayList<Integer>();,,,,,,,
453,0,0,0,100,0,"        System.out.println(""warm up "" + warmUp + "" times"");",,,,,,,
454,0,0,0,100,0,        long warmUpStart = System.nanoTime();,,,,,,,
455,0,0,0,100,0,        for (int i = 0; i < warmUp; i++) {,,,,,,,
456,0,0,0,100,0,"            sums.add(sum(numRows, data));",,,,,,,
457,0,0,0,100,0,        long warmUpEnd = System.nanoTime();,,,,,,,
458,0,0,0,100,0,"        System.out.println(""warm up complete "" + (warmUpEnd - warmUpStart) / 1000000);",,,,,,,
459,0,0,0,100,0,        int numberOfRuns = 100;,,,,,,,
460,0,0,0,100,0,        int finalSum = 0;,,,,,,,
461,0,0,0,100,0,        long startTime = System.nanoTime();,,,,,,,
462,0,0,0,100,0,        for (int i = 0; i < numberOfRuns; i++) {,,,,,,,
463,0,0,0,100,0,"            finalSum = sum(numRows, data);",,,,,,,
464,0,0,0,100,0,        long endTime = System.nanoTime();,,,,,,,
465,0,0,0,100,0,        long diff = (endTime - startTime) / 1000000;,,,,,,,
466,0,0,0,100,0,"        System.out.println(""Time taken: "" + diff + ""    Sum: "" + finalSum);",,,,,,,
467,0,0,0,100,0,"    public static int sum(int numRows, int[][] columnBased) {",,,,,,,
468,0,0,0,100,0,        int sum = 0;,,,,,,,
469,0,0,0,100,0,        for (int i = 0; i < numRows; i++) {,,,,,,,
470,0,0,0,100,0,            if ((columnBased[1][i] % 2) == 0) {,,,,,,,
471,0,0,0,100,0,                sum += columnBased[2][i];,,,,,,,
472,0,0,0,100,0,        return sum;,,,,,,,
473,1,1,1,100,1,"Thanks, Nick.",,,,,,,
474,1,1,1,100,1,['I\'m a beginner trying to learn java!,,,,,,,
475,1,1,1,100,1,"I am currently trying out the book Building Skills in Object-Oriented Design, and is currently working on the Roulette.",,,,,,,
476,1,1,1,100,1,"I have a class, Bin, which constructs a TreeSet which contains Outcome-objects. They are constructed in the Outcome class.",,,,,,,
477,1,1,1,100,1,"Now, I am working on the Wheel class, and here I am using new Vector(38) that I\'m filling with 38 new Bin() s.",,,,,,,
478,1,1,1,100,1,"Now, the issue.",,,,,,,
479,1,1,1,100,1,I want to create a method that retrieves a Bin-object from the Vector.,,,,,,,
480,0,0,0,100,0,Bin get(int bin){,,,,,,,
481,0,0,0,100,0,    return  bins.elementAt(bin);,,,,,,,
482,1,1,1,100,1,This doesn\'t work and Eclipse is suggesting two fixes:,,,,,,,
483,1,1,1,100,1,1: Add cast,,,,,,,
484,1,1,1,100,1,2: Change Bin to Object,,,,,,,
485,1,1,1,100,1,"What is going on here? Why can\'t I return Bin the way I want to? When I cast or change to Object, it doesn\'t work. ",,,,,,,
486,1,1,1,100,1,This is the Outcome class,,,,,,,
487,1,1,1,100,1,This is the Bin class,,,,,,,
488,1,1,1,100,1,This is the Wheel class,,,,,,,
489,0,0,1,66.66666667,0,package Roulette;,,,,,,,
490,0,0,0,100,0,import java.util.Random;,,,,,,,
491,0,0,0,100,0,import java.util.Vector;,,,,,,,
492,0,0,1,66.66666667,0,public class Wheel {,,,,,,,
493,0,0,0,100,0,Vector bins;,,,,,,,
494,0,0,0,100,0,Random rng;,,,,,,,
495,0,0,0,100,0,Wheel(Random rng){,,,,,,,
496,0,0,0,100,0,    rng =  new Random();,,,,,,,
497,0,0,0,100,0,    bins = new Vector(38);,,,,,,,
498,0,0,0,100,0,    for (int i=0; i<38; i++){,,,,,,,
499,0,0,0,100,0,"        bins.add(i, new Bin());",,,,,,,
500,0,0,0,100,0,"void addOutcome(int bin, Outcome outcome){",,,,,,,
501,0,0,0,100,0,Bin next(){,,,,,,,
502,0,0,0,100,0,    int rand = rng.nextInt(38);,,,,,,,
503,0,0,0,100,0,    return bins.elementAt(rand);,,,,,,,
504,0,0,0,100,0,Bin get(int bin){,,,,,,,
505,0,0,0,100,0,    return  bins.elementAt(bin);,,,,,,,
506,1,1,1,100,1,"['i have an assignment to do , all i have to do is write a code in a button, when you click the button a 2 random numbers between 1-10 will appear in one message and i wrote this code",,,,,,,
507,0,0,0,100,0,Random r=new Random();,,,,,,,
508,0,0,0,100,0,"String total = """";",,,,,,,
509,0,0,0,100,0,for (int z=0;z<5;z=z+1) {,,,,,,,
510,0,0,0,100,0,    int x=r.nextInt(10);,,,,,,,
511,0,0,0,100,0,"    total = total+x+""\",,,,,,,
512,1,1,1,100,1,my problem now is when the message appear i need to put a stars in front of each random number. for example :,,,,,,,
513,1,1,1,100,1,"i clicked the button, the message appeared, a 5 random numbers appeared like",,,,,,,
514,1,1,1,100,1,i need to write a code to put stars equal each random number like,,,,,,,
515,0,0,0,100,0,5 *****,,,,,,,
516,0,0,0,100,0,2 **,,,,,,,
517,0,0,0,100,0,3 ***,,,,,,,
518,0,0,0,100,0,4 ****,,,,,,,
519,0,0,0,100,0,8 ********  ,,,,,,,
520,1,1,1,100,1,"so, is there any simple code to make this happened ? ",,,,,,,
521,1,1,1,100,1,p.s : i\'m a java beginner so i need a simple code so i can understand it.,,,,,,,
522,1,1,1,100,1,thanks for your help :) ,,,,,,,
523,1,1,1,100,1,['Hi i have read about the ReadWriteLock in Java but i am not sure that i have grasped the reentrance part of it.,,,,,,,
524,1,1,1,100,1,Here is two brief code examples using only one main thread to show reentrance,,,,,,,
525,0,0,1,66.66666667,0,public class Locks {,,,,,,,
526,0,0,0,100,0,    public static void main( String[] args ) {,,,,,,,
527,0,0,0,100,0,        ReadWriteLock lock = new ReentrantReadWriteLock();,,,,,,,
528,0,0,0,100,0,"        System.out.println( ""Reentrance acheieved"" );",,,,,,,
529,1,1,1,100,1,and the second example,,,,,,,
530,0,0,1,66.66666667,0,public class Locks {,,,,,,,
531,0,0,0,100,0,    public static void main( String[] args ) {,,,,,,,
532,0,0,0,100,0,        ReadWriteLock lock = new ReentrantReadWriteLock();,,,,,,,
533,0,0,0,100,0,"        System.out.println( ""Reentrance acheieved"" );",,,,,,,
534,1,1,1,100,1,"In the first one the sysout is performed but not in the second one, why is that? Both locks are to be obtained by the same thread so we have a reentrance situation here, but the entrance is achieved only when writelock is obtained first which is strange because in non reentrant situation, the doc says that a write operation is exclusive with all the other operations (be it write or read).",,,,,,,
535,1,1,1,100,1,"[""I have a string that contains the representation of a date. It looks like: ",,,,,,,
536,0,0,0,100,0,Thu Nov 30 19:00:00 EST 2006,,,,,,,
537,1,1,1,100,1,I'm trying to create a Date object using SimpleDateFormat and have 2 problems. ,,,,,,,
538,1,1,1,100,1,1.) I can't figure out the pattern to hard-code the solution into the SimpleDateFormat constructor,,,,,,,
539,1,1,1,100,1,2.) I can't find a way I could parse the string using API to determine the pattern so I could reuse this for different patterns of date output ,,,,,,,
540,1,1,1,100,1,If anyone knows a solution using API or a custom solution I would greatly appreciate it.,,,,,,,
541,1,1,1,100,1,"[""We have an existing C++ application that we are going to gradually replace with a new Java-based system.  Until we have completely reimplemented everything in Java we expect the C++ and Java to have to communicate with each other (RMI, SOAP, messaging, etc - we haven't decided).",,,,,,,
542,1,1,1,100,1,"Now my manager thinks we'll need the Java and C++ sides to participate in the same Oracle DB transaction.  This is related to, but different from the usual distrbuted transaction problem of having a single process co-ordinate 2 transactional resources, such as a DB and a message queue.",,,,,,,
543,1,1,1,100,1,"I think propagating a transaction across processes is a terrible idea from a performance and stability point-of-view, but I am still going to be asked for a solution.",,,,,,,
544,1,1,1,100,1,"I am familiar with XA transactions and I've done some work with the JBoss Transaction Manager, but my googling hasn't turned up anything good on propagating an XA transaction between 2 processes.",,,,,,,
545,1,1,1,100,1,We are using Spring on the Java side and their documentation explicitly states they do not provide any help with transaction propagation.,,,,,,,
546,1,1,1,100,1,"We are not planning on using a traditional Java EE server (for example: IBM Websphere), which may have support for propagation (not that I can find any definitive documentation).",,,,,,,
547,1,1,1,100,1,Any help or pointers on solutions is greatly appreciated.,,,,,,,
548,1,1,1,100,1,"[""I just read that we should not use virtual function excessively. People felt that less virtual functions tends to have fewer bugs and reduces maintenance.",,,,,,,
549,1,1,1,100,1,What kind of bugs and disadvantages can appear due to virtual functions?,,,,,,,
550,1,1,1,100,1,I'm interested in context of C++ or Java.,,,,,,,
551,1,1,1,100,1,One reason I can think of is virtual function may be slower than normal functions due to v-table lookup.,,,,,,,
552,1,1,1,100,1,"['I am having difficulty creating a PayPal ""Buy Now"" button with the Java paypal-sdk. Single products seem to work okay. I would like the button to go to the checkout page with the product prices, descriptions and item numbers and NOT be editable. Here is a look at my code. First I create my array of button vars. (This code snipped is in Groovy)",,,,,,,
553,0,0,0,100,0,List<String> buttonVarList = new ArrayList<String>()    ,,,,,,,
554,0,0,0,100,0,int count = 1,,,,,,,
555,0,0,0,100,0,int size = priceMap.size(),,,,,,,
556,0,0,0,100,0,double totalPrice = 0.0,,,,,,,
557,0,0,0,100,0,"for (Map.Entry<String, PriceInfo> entry : priceMap.entrySet()) ",,,,,,,
558,0,0,0,100,0,    String skuKey = entry.getKey(),,,,,,,
559,0,0,0,100,0,    PriceInfo priceInfo = entry.getValue(),,,,,,,
560,0,0,0,100,0,"    String itemNum = (size > 1) ? ""_"" + String.valueOf(count) + ""="" : ""=""",,,,,,,
561,0,0,0,100,0,    Product product = Product.findByProductCode(skuKey),,,,,,,
562,0,0,0,100,0,"    buttonVarList.add(""item_name"" + itemNum + product.productName)",,,,,,,
563,0,0,0,100,0,"    buttonVarList.add(""item_number"" + itemNum + skuKey)",,,,,,,
564,0,0,0,100,0,"    buttonVarList.add(""amount"" + itemNum + priceInfo.unitPrice)",,,,,,,
565,0,0,0,100,0,"    buttonVarList.add(""quantity"" + itemNum + priceInfo.qty)",,,,,,,
566,0,0,0,100,0,    totalPrice += priceInfo.totalPrice,,,,,,,
567,0,0,0,100,0,"buttonVarList.add(""currency_code="" + currency)",,,,,,,
568,0,0,0,100,0,"buttonVarList.add(""business="" + grailsApplication.config.grails.paypal.email)",,,,,,,
569,0,0,0,100,0,"buttonVarList.add(""subtotal="" + totalPrice)",,,,,,,
570,0,0,0,100,0,"buttonVarList.add(""notify_url="" + grailsApplication.config.grails.paypal.notifyPaypal)",,,,,,,
571,0,0,0,100,0,"buttonVarList.add(""return="" + grailsApplication.config.grails.paypal.successPaypal)",,,,,,,
572,0,0,0,100,0,"buttonVarList.add(""cancel_return="" + grailsApplication.config.grails.paypal.cancelPaypal)",,,,,,,
573,0,0,0,100,0,"Payment payment = createTransaction(null, priceMap, request.getRemoteAddr(), ""PAYPAL"")",,,,,,,
574,0,0,0,100,0,"buttonVarList.add(""transactionId="" + payment.transactionId)",,,,,,,
575,0,0,0,100,0,"buttonVarList.add(""buyerId="" + payment.buyerId)",,,,,,,
576,0,0,0,100,0,return paypalApi.createButton(buttonVarList),,,,,,,
577,0,1,1,66.66666667,1,"After I create the button var list, I create my encrypted button.",,,,,,,
578,1,0,0,66.66666667,0,BMCreateButtonRequestType requestType = new BMCreateButtonRequestType();,,,,,,,
579,1,1,1,100,1,"With BUYNOW as the button type, the button will work for single products, but for multiple products (item_name_1, item_name_2 variables etc), it seems to not recognize the products and the checkout page has the price and description editable. From the documentation I can see this is likely because it does not recognize the additional products ""If this variable is omitted, buyers see a field in which they can enter the item name.""",,,,,,,
580,1,1,1,100,1,"I have also tried using the CART button type, which works for single products, but for multiple products returns the error 11929 ""A cart button must have an item name and amount specified.""",,,,,,,
581,1,1,1,100,1,Is this the correct way to specify multiple products in the checkout cart? I feel like I must be missing something simple. Thanks for the help.,,,,,,,
582,0,1,1,66.66666667,1,EDIT 1:,,,,,,,
583,1,1,1,100,1,"I have tried adding the cart upload option ""upload=1"" with an unencrypted cart button. If I then remove the underscores from the item button vars in code, then re-add them by hand to the generated button (and remove add=1 which upload does not seem to override..) it seems to work. I obviously can\'t do this since I need encrypted buttons..but at least I can see there is a way to get it work. Perhaps I should ditch the Paypal Java Button Manager API?",,,,,,,
584,1,1,1,100,1,['my application wants to check whether the user\'s login credentials are valid to access the web API.,,,,,,,
585,1,1,1,100,1,"To do so, I have implemented this with AsyncTask method.",,,,,,,
586,1,1,1,100,1,Here is doInBackground() implementation.,,,,,,,
587,0,0,0,100,0,protected Boolean doInBackground(String... params) {,,,,,,,
588,0,0,0,100,0,        HttpURLConnection urlConnection = null;,,,,,,,
589,0,0,0,100,0,        URL url = null;,,,,,,,
590,0,0,1,66.66666667,0,        try {,,,,,,,
591,0,0,0,100,0,            url = new URL(params[0]);,,,,,,,
592,0,0,0,100,0,            urlConnection = (HttpURLConnection) url.openConnection();,,,,,,,
593,0,0,0,100,0,            Authenticator.setDefault (new Authenticator() {,,,,,,,
594,0,0,0,100,0,                protected PasswordAuthentication getPasswordAuthentication() {,,,,,,,
595,0,0,0,100,0,"                    return new PasswordAuthentication (user, password.toCharArray());",,,,,,,
596,0,0,0,100,0,            return (HttpURLConnection.HTTP_OK == urlConnection.getResponseCode());,,,,,,,
597,0,0,0,100,0,        } catch (SocketTimeoutException e) {,,,,,,,
598,0,0,0,100,0,        } catch (IOException e){,,,,,,,
599,0,0,1,66.66666667,0,        return false;,,,,,,,
600,1,1,1,100,1,"When I enter the right user credentials, it would work fine. However, when I enter the wrong credentials, it would stay hanging at urlConnection.getResponseCode() (does not throw any exception).",,,,,,,
601,1,1,1,100,1,"I tried to add urlConnection.connect() in between, but I found no success.",,,,,,,
602,1,1,1,100,1,I have internet access set up in manifest.,,,,,,,
603,1,1,1,100,1,"[""I'm running this and I am being told it would not run fast enough. What is a good way to increase the speed of this running class? I am guessing I would need to change my nested while loops. That is the only thing I can think of. The if statements should all be linear...",,,,,,,
604,0,0,0,100,0,import java.io.File;,,,,,,,
605,0,0,0,100,0,import java.io.FileNotFoundException;,,,,,,,
606,0,0,0,100,0,import java.util.*;,,,,,,,
607,0,0,0,100,0,public class QSortLab {,,,,,,,
608,0,0,0,100,0,"    static int findpivot(Comparable[] A, int i, int j) {",,,,,,,
609,0,0,0,100,0,        return (i + j) / 2;,,,,,,,
610,0,0,0,100,0,"    static <E> void swap(E[] A, int p1, int p2) {",,,,,,,
611,0,0,0,100,0,        E temp = A[p1];,,,,,,,
612,0,0,0,100,0,        A[p1] = A[p2];,,,,,,,
613,0,0,0,100,0,        A[p2] = temp;,,,,,,,
614,0,0,0,100,0,"    static void quicksort(Comparable[] A, int i, int j) { // Quicksort",,,,,,,
615,0,0,0,100,0,"        int pivotindex = findpivot(A, i, j);  // Pick a pivot",,,,,,,
616,0,0,0,100,0,"        swap(A, pivotindex, j);               // Stick pivot at end",,,,,,,
617,0,0,0,100,0,"        int k = partition(A, i, j-1, A[j]);",,,,,,,
618,0,0,0,100,0,"        swap(A, k, j);                        // Put pivot in place",,,,,,,
619,0,0,0,100,0,"        if ((k-i) > 1) quicksort(A, i, k-1);  // Sort left partition",,,,,,,
620,0,0,0,100,0,"        if ((j-k) > 1) quicksort(A, k+1, j);  // Sort right partition",,,,,,,
621,0,0,0,100,0,"    static int partition(Comparable[] A, int left, int right, Comparable pivot) {",,,,,,,
622,0,0,0,100,0,        while (left <= right) { // Move bounds inward until they meet,,,,,,,
623,0,0,0,100,0,            while (A[left].compareTo(pivot) < 0) left++;,,,,,,,
624,0,0,0,100,0,            while ((right >= left) && (A[right].compareTo(pivot) >= 0)) right--;,,,,,,,
625,0,0,0,100,0,"            if (right > left) swap(A, left, right); // Swap out-of-place values",,,,,,,
626,0,0,1,66.66666667,0,        return left;            // Return first position in right partition,,,,,,,
627,1,1,1,100,1,['Assume I have such simple domain POJO class:,,,,,,,
628,0,0,1,66.66666667,0,package sample;,,,,,,,
629,0,0,1,66.66666667,0,    public class Item {,,,,,,,
630,0,0,1,66.66666667,0,        private String name;,,,,,,,
631,0,0,1,66.66666667,0,        private String state;,,,,,,,
632,0,0,0,100,0,        public Item() {},,,,,,,
633,0,0,0,100,0,"        public Item(String name, String state) {",,,,,,,
634,0,0,0,100,0,            this.name = name;,,,,,,,
635,0,0,0,100,0,            this.state = state;,,,,,,,
636,0,0,0,100,0,        public String getName() {,,,,,,,
637,0,0,1,66.66666667,0,            return name;,,,,,,,
638,0,0,0,100,0,        public void setName(String name) {,,,,,,,
639,0,0,0,100,0,            this.name = name;,,,,,,,
640,0,0,0,100,0,        public String getState() {,,,,,,,
641,0,0,0,100,0,            return state;,,,,,,,
642,0,0,0,100,0,        public void setState(String state) {,,,,,,,
643,0,0,0,100,0,            this.state = state;,,,,,,,
644,1,1,1,100,1,"And assume that I have one restriction: I am not allowed to make any changes to this class. So I need to write a wrapper, right? ",,,,,,,
645,0,0,1,66.66666667,0,package sample;,,,,,,,
646,0,0,0,100,0,    import javafx.beans.property.ObjectProperty;,,,,,,,
647,0,0,0,100,0,    import javafx.beans.property.SimpleObjectProperty;,,,,,,,
648,0,0,1,66.66666667,0,    public class ItemWrapper {,,,,,,,
649,0,0,0,100,0,        private ObjectProperty<Item> itemProperty = new SimpleObjectProperty<>();,,,,,,,
650,0,0,1,66.66666667,0,        private Item item;,,,,,,,
651,0,0,1,66.66666667,0,        public ItemWrapper(Item item) {,,,,,,,
652,0,0,0,100,0,        public Item getItem() {,,,,,,,
653,0,0,0,100,0,            return itemProperty.get();,,,,,,,
654,0,0,1,66.66666667,0,        public void setItem(Item item) {,,,,,,,
655,0,0,0,100,0,            this.item = item;,,,,,,,
656,0,0,0,100,0,        public ObjectProperty<Item> itemProperty(){,,,,,,,
657,0,0,1,66.66666667,0,            return itemProperty;,,,,,,,
658,1,1,1,100,1,Then assume that I have a little JavaFX app which can show a list of items and has possibility to change item\'s state. Let\'s look at it.,,,,,,,
659,0,0,1,66.66666667,0,package sample;,,,,,,,
660,0,0,0,100,0,    import javafx.application.Application;,,,,,,,
661,0,0,0,100,0,    import javafx.fxml.FXMLLoader;,,,,,,,
662,0,0,0,100,0,    import javafx.scene.Parent;,,,,,,,
663,0,0,0,100,0,    import javafx.scene.Scene;,,,,,,,
664,0,0,0,100,0,    import javafx.stage.Stage;,,,,,,,
665,0,0,1,66.66666667,0,    public class Main extends Application {,,,,,,,
666,0,0,0,100,0,        public void start(Stage primaryStage) throws Exception{,,,,,,,
667,0,0,0,100,0,"            Parent root = FXMLLoader.load(getClass().getResource(""sample.fxml""));",,,,,,,
668,0,0,0,100,0,"            primaryStage.setTitle(""Item View"");",,,,,,,
669,0,0,0,100,0,"            primaryStage.setScene(new Scene(root, 200, 100));",,,,,,,
670,0,0,0,100,0,        public static void main(String[] args) {,,,,,,,
671,0,0,0,100,0,"<?xml version=""1.0"" encoding=""UTF-8""?>",,,,,,,
672,0,0,0,100,0,  <?import javafx.scene.control.Button?>,,,,,,,
673,0,0,0,100,0,  <?import javafx.scene.control.ComboBox?>,,,,,,,
674,0,0,0,100,0,  <?import javafx.scene.control.Label?>,,,,,,,
675,0,0,0,100,0,  <?import javafx.scene.layout.AnchorPane?>,,,,,,,
676,0,0,0,100,0,"  <AnchorPane maxHeight=""-Infinity"" maxWidth=""-Infinity"" minHeight=""-Infinity"" minWidth=""-Infinity"" prefHeight=""108.0"" prefWidth=""225.0"" xmlns=""http://javafx.com/javafx/8.0.60"" xmlns:fx=""http://javafx.com/fxml/1"" fx:controller=""sample.Controller"">",,,,,,,
677,0,0,0,100,0,"        <Label layoutX=""14.0"" layoutY=""14.0"" text=""show item"" />",,,,,,,
678,0,0,0,100,0,"        <ComboBox fx:id=""cbxItemsSelector"" layoutX=""14.0"" layoutY=""31.0"" prefWidth=""150.0"" />",,,,,,,
679,0,0,0,100,0,"        <Button fx:id=""btnChangeState"" layoutX=""14.0"" layoutY=""65.0"" mnemonicParsing=""false"" onAction=""#changeItemState"" prefHeight=""25.0"" prefWidth=""85.0"" text=""change state"" />",,,,,,,
680,0,0,1,66.66666667,0,package sample;,,,,,,,
681,0,0,0,100,0,    import javafx.beans.Observable;,,,,,,,
682,0,0,0,100,0,    import javafx.collections.FXCollections;,,,,,,,
683,0,0,0,100,0,    import javafx.collections.ObservableList;,,,,,,,
684,0,0,0,100,0,    import javafx.fxml.FXML;,,,,,,,
685,0,0,0,100,0,    import javafx.scene.control.ComboBox;,,,,,,,
686,0,0,0,100,0,    import javafx.scene.control.ListCell;,,,,,,,
687,0,0,0,100,0,    import javafx.scene.control.ListView;,,,,,,,
688,0,0,0,100,0,    import javafx.util.Callback;,,,,,,,
689,0,0,0,100,0,    import java.util.ArrayList;,,,,,,,
690,0,0,0,100,0,    import java.util.List;,,,,,,,
691,0,0,0,100,0,    import java.util.stream.Collectors;,,,,,,,
692,0,0,1,66.66666667,0,    public class Controller {,,,,,,,
693,0,0,0,100,0,        private ComboBox<ItemWrapper> cbxItemsSelector;,,,,,,,
694,0,0,0,100,0,        private ObservableList<ItemWrapper> items;,,,,,,,
695,0,0,0,100,0,        public void initialize(){,,,,,,,
696,0,0,0,100,0,        private void loadItems() {,,,,,,,
697,0,0,0,100,0,            List<Item> itemsList = new ArrayList<>();,,,,,,,
698,0,0,0,100,0,"            itemsList.add(new Item(""first item"",""initialized""));",,,,,,,
699,0,0,0,100,0,"            itemsList.add(new Item(""second item"",""initialized""));",,,,,,,
700,0,0,0,100,0,            List<ItemWrapper> itemWrappers = itemsList.stream().map(ItemWrapper::new).collect(Collectors.toList());,,,,,,,
701,0,0,0,100,0,"            items = FXCollections.observableList(itemWrappers,wrapper -> new Observable[]{wrapper.itemProperty()});",,,,,,,
702,0,0,0,100,0,        private void customizeSelectorCellView(){,,,,,,,
703,0,0,0,100,0,            cbxItemsSelector.setButtonCell(new ListCell<ItemWrapper>() {,,,,,,,
704,0,0,0,100,0,"                protected void updateItem(ItemWrapper itemWrapper, boolean empty) {",,,,,,,
705,0,0,0,100,0,"                    super.updateItem(itemWrapper, empty);",,,,,,,
706,0,0,0,100,0,                    if (empty) {,,,,,,,
707,0,0,0,100,0,                    } else {,,,,,,,
708,0,0,0,100,0,"                    new Callback<ListView<ItemWrapper>, ListCell<ItemWrapper>>() {",,,,,,,
709,0,0,0,100,0,                        public ListCell<ItemWrapper> call(ListView<ItemWrapper> p) {,,,,,,,
710,0,0,0,100,0,                            ListCell cell = new ListCell<ItemWrapper>() {,,,,,,,
711,0,0,0,100,0,"                                protected void updateItem(ItemWrapper itemWrapper, boolean empty) {",,,,,,,
712,0,0,0,100,0,"                                    //System.out.println(""update item"");",,,,,,,
713,0,0,0,100,0,"                                    super.updateItem(itemWrapper, empty);",,,,,,,
714,0,0,0,100,0,                                    if (empty) {,,,,,,,
715,0,0,0,100,0,                                    } else {,,,,,,,
716,0,0,0,100,0,                                        Item item = itemWrapper.getItem();,,,,,,,
717,0,0,0,100,0,"                                        setText(String.format(""name: %s\",,,,,,,
718,0,0,0,100,0, state: %s\,,,,,,,
719,0,0,0,100,0,                            };return cell;,,,,,,,
720,0,0,0,100,0,        public void changeItemState(){,,,,,,,
721,0,0,0,100,0,            ItemWrapper selectedItemWrapper =  cbxItemsSelector.getSelectionModel().getSelectedItem();,,,,,,,
722,0,0,0,100,0,            if (selectedItemWrapper == null) return;,,,,,,,
723,0,0,0,100,0,            Item item = selectedItemWrapper.getItem();,,,,,,,
724,1,1,1,100,1,The problem is that the comboBox does not see changes applied after some of item\'s state updated. The reason of the problem is that I only change object\'s (i.e Item) fields and I don\'t set new Item via setItem method.,,,,,,,
725,1,1,1,100,1,So it seems that the fields changes are not observable.,,,,,,,
726,1,1,1,100,1,I also know that IF I replace SimpleObjectProperty to two StringProperty (for name and state fields) in ItemWrapper class it will work. But I don\'t want to make field duplication. What If I would have 100 fields in Item class?    ,,,,,,,
727,1,1,1,100,1,And I have two questions:,,,,,,,
728,1,1,1,100,1,1) How can I make ComboBox see changes made by some other external side in any field in Item class without field duplication (without creating additional field properties) ? Maybe should I use some special binding?,,,,,,,
729,1,1,1,100,1,2) Is there a way to get rid of Wrapper class while stay domain Item class unmodified?  ,,,,,,,
730,1,1,1,100,1,"[""I am looking for some advice on what should I concentrate my efforts to get the needed skills to become a Java developer for Oracle applications. I'm bit confused as there are lot of technologies in the Java world. Where should I start? What to avoid? Is JDeveloper a good IDE for a beginner?",,,,,,,
731,1,1,1,100,1,['I am using log4j in my Java application.,,,,,,,
732,1,1,1,100,1,I want to config both of maxsize (max is 1Mb) and auto delete after 15 days.,,,,,,,
733,0,1,0,66.66666667,0,# Root logger option,,,,,,,
734,0,0,0,100,0,"log4j.rootLogger=INFO, file",,,,,,,
735,0,1,0,66.66666667,0,# Direct log messages to a log file,,,,,,,
736,0,0,0,100,0,log4j.appender.file.layout.ConversionPattern=%d{yyyy-MM-dd HH:mm:ss} %-5p %c{1}:%L - %m%n,,,,,,,
737,1,1,1,100,1,"But it seems that in log4j can not config both of 2 my requirements, right?",,,,,,,
738,1,1,1,100,1,How i can do it?,,,,,,,
739,1,1,1,100,1,Thank all.,,,,,,,
740,1,1,1,100,1,"['Suppose I declare some abstract method, that will return Class object (like Dog.class, Cat.class), like this:",,,,,,,
741,0,0,1,66.66666667,0,abstract public Class getProducedAnimalType();,,,,,,,
742,1,1,1,100,1,"Can I force clients extending this API to return only Class objects that represents classes, wchich are subclassess of Animal.class ? something like:",,,,,,,
743,0,0,1,66.66666667,0,abstract public Class<representing subclass of Animal> getProducedAnimalType();,,,,,,,
744,0,1,1,66.66666667,1,So the client extending my class cannot write:,,,,,,,
745,0,0,0,100,0,public Class getProducedAnimalType() {,,,,,,,
746,0,0,1,66.66666667,0,"   // Integer not extends Animal!, shoud not compile!",,,,,,,
747,0,0,0,100,0,   return Integer.class; ,,,,,,,
748,0,1,1,66.66666667,1,but can:,,,,,,,
749,0,0,0,100,0,public Class getProducedAnimalType() {,,,,,,,
750,0,0,0,100,0,   return Fish.class; // Fish extends Animal,,,,,,,
751,1,1,1,100,1,['One reoccurring problem with our Java application on Windows is that customers are running it as a Windows service without specifying the Java -Xrs flag. This way when the administrator logoff the Windows machine the Java process receives a termination signal and terminates thus causing what seems to be a random production down situation.,,,,,,,
752,1,1,1,100,1,I would like to add to the server log files and monitoring tool a warning about this configuration problem. ,,,,,,,
753,1,1,1,100,1,In order to do that I would like to know:,,,,,,,
754,1,1,1,100,1,1. Is my Java application running as a Windows service ?,,,,,,,
755,1,1,1,100,1,2. Is the -Xrs flag specified as part of the java.exe command ?,,,,,,,
756,1,1,1,100,1,Any ideas how to achieve this are welcomed.,,,,,,,
757,1,1,1,100,1,['I have an issue with an application I am developing.,,,,,,,
758,1,1,1,100,1,"I have two threads, Prod and Cons, which respectively write to and read from a shared Queue. All pretty standard here.",,,,,,,
759,1,1,1,100,1,"The goal of this application is for Prod to read a file and add each line to the Queue, while Cons will have to read these lines and ""match"" them in pairs (following some criteria).",,,,,,,
760,1,1,1,100,1,"The problem is that, for Cons to do its part, it will have to ""process"" several lines from the  Queue and remove only the ones that form a Pair.",,,,,,,
761,1,1,1,100,1,"For example, if the following is the Queue Q as filled by Prod:",,,,,,,
762,1,1,1,100,1,"Cons should create Pairs (A1,A2),(B1,B2),(C1,C2), etc... (The order of the pair is a requirement).  ",,,,,,,
763,1,1,1,100,1,"My problem is that, to create Pair (B1,B2), Cons will need first to analyze C1, D1, D2 and C2 and find that they don\'t match B1; then B2 is found and both B1 and B2 must be removed from Q, without modifying the order of the previous non-matching elements (C1, D1, etc...).",,,,,,,
764,1,1,1,100,1,"At the moment, I resolved with Cons removing always the first element from the Queue and, if that doesn\'t match, it\'s saved in an additional internal queue in Cons; when a matching element is found, the Pair is created and all elements saved in the internal queue are ""reinjected"" at the head of Q (which is actually a DeQue).",,,,,,,
765,1,1,1,100,1,"While this approach works for simple situations, it is hopelessly flawed. Given that Prod keeps running, it can well happen that, while Cons removes non-matching elements, Prod adds new lines, effectively generating a deadlock the moment when Cons will try to reinsert messages on Q.",,,,,,,
766,1,1,1,100,1,"I also thought that Cons could only ""peek"" at the elements in Q and remove only the matching one, but that would mean accessing a specific element (e.g. random access like) in the Deque.",,,,,,,
767,1,1,1,100,1,"Does anybody have suggestion for the problem? I can always ""create"" an Deque that does what I need, but I would really prefer not! Too error prone...",,,,,,,
768,1,1,1,100,1,"[""For this program I am writing I am taking a user's input of minutes and rounding up to the next hour. ",,,,,,,
769,1,1,1,100,1,For example:,,,,,,,
770,0,1,1,66.66666667,1,1 minute = 1 hour,,,,,,,
771,0,1,1,66.66666667,1,59 minutes = 1 hour,,,,,,,
772,0,1,1,66.66666667,1,60 minutes = 1 hour,,,,,,,
773,0,1,1,66.66666667,1,61 minutes = 2 hours,,,,,,,
774,0,1,1,66.66666667,1,119 minutes = 2 hours,,,,,,,
775,0,1,1,66.66666667,1,120 minutes = 2 hours,,,,,,,
776,0,1,1,66.66666667,1,121 minutes = 3 hours,,,,,,,
777,1,1,1,100,1,What is a simple way of going about this? Thank you.,,,,,,,
778,1,1,1,100,1,['Here\'s the portion of our xml that is related to transaction management,,,,,,,
779,0,0,0,100,0,<!-- Transaction Manager -->,,,,,,,
780,0,0,0,100,0,"<bean id=""transactionManager"" class=""org.springframework.orm.jpa.JpaTransactionManager"">",,,,,,,
781,0,0,0,100,0,"    <property name=""entityManagerFactory"" ref=""entityManagerFactory"" />",,,,,,,
782,0,0,0,100,0,"    <property name=""dataSource"" ref=""dataSource"" />",,,,,,,
783,0,0,0,100,0,"<tx:advice id=""txAdvice""/>    ",,,,,,,
784,0,0,0,100,0,"<aop:config proxy-target-class=""true"">",,,,,,,
785,0,0,0,100,0,"    <aop:pointcut id=""transactionalMethods""",,,,,,,
786,0,0,0,100,0,"        expression=""@annotation(org.springframework.transaction.annotation.Transactional)"" />",,,,,,,
787,0,0,0,100,0,"    <aop:advisor advice-ref=""txAdvice"" pointcut-ref=""transactionalMethods"" />",,,,,,,
788,1,1,1,100,1,I came up with this,,,,,,,
789,0,0,0,100,0,import javax.persistence.EntityManagerFactory;,,,,,,,
790,0,0,0,100,0,import javax.sql.DataSource;,,,,,,,
791,0,0,0,100,0,import org.springframework.context.annotation.Bean;,,,,,,,
792,0,0,0,100,0,import org.springframework.context.annotation.Configuration;,,,,,,,
793,0,0,0,100,0,import org.springframework.dao.annotation.PersistenceExceptionTranslationPostProcessor;,,,,,,,
794,0,0,0,100,0,import org.springframework.orm.jpa.JpaTransactionManager;,,,,,,,
795,0,0,0,100,0,import org.springframework.orm.jpa.support.PersistenceAnnotationBeanPostProcessor;,,,,,,,
796,0,0,0,100,0,import org.springframework.transaction.PlatformTransactionManager;,,,,,,,
797,0,0,0,100,0,import org.springframework.transaction.annotation.EnableTransactionManagement;,,,,,,,
798,0,0,0,100,0,@EnableTransactionManagement( proxyTargetClass = true ),,,,,,,
799,0,0,1,66.66666667,0,public class TransactionConfig,,,,,,,
800,0,0,0,100,0,"    PlatformTransactionManager transactionManager( final DataSource dataSource, final EntityManagerFactory emf ) {",,,,,,,
801,0,0,0,100,0,        JpaTransactionManager jpaTransactionManager = new JpaTransactionManager();,,,,,,,
802,0,0,0,100,0,        jpaTransactionManager.setDataSource( dataSource );,,,,,,,
803,0,0,0,100,0,        jpaTransactionManager.setEntityManagerFactory( emf );,,,,,,,
804,0,0,1,66.66666667,0,        return jpaTransactionManager;,,,,,,,
805,0,0,0,100,0,    PersistenceExceptionTranslationPostProcessor persistenceExceptionTranslationPostProcessor() {,,,,,,,
806,0,0,0,100,0,        return new PersistenceExceptionTranslationPostProcessor();,,,,,,,
807,0,0,0,100,0,    PersistenceAnnotationBeanPostProcessor persistenceAnnotationBeanPostProcessor() {,,,,,,,
808,0,0,0,100,0,        return new PersistenceAnnotationBeanPostProcessor();,,,,,,,
809,1,1,1,100,1,"and it seems to work, but reading the config I can\'t help but wonder if I\'m supposed to use mode = ASPECTJ, but when I tried that the context blew up with an exception about not able to inject ""Concrete class"", as some things depend on the class and not the interface.",,,,,,,
810,1,1,1,100,1,"I\'m not sure why we added that pointcut, or whether we make use of it, if I have to rewrite it as a pointcut, I\'m actually not sure how I should do that.",,,,,,,
811,1,1,1,100,1,Do I need to add something more to get parity? is this already the same? if I need to add more what should I write?,,,,,,,
812,1,1,1,100,1,When trying,,,,,,,
813,0,0,0,100,0,@EnableAspectJAutoProxy( proxyTargetClass = true ),,,,,,,
814,0,0,0,100,0,@EnableTransactionManagement( mode = AdviceMode.ASPECTJ ),,,,,,,
815,1,1,1,100,1,and aspectj itself was working via our xml config (the aspects do work in our xml config),,,,,,,
816,1,1,0,66.66666667,1,with deps ,,,,,,,
817,0,0,0,100,0,[INFO] +- org.springframework.data:spring-data-jpa:jar:1.9.4.RELEASE:compile,,,,,,,
818,0,0,0,100,0,[INFO] |  +- org.springframework:spring-orm:jar:4.2.7.RELEASE:compile,,,,,,,
819,0,0,0,100,0,[INFO] |  +- org.springframework:spring-context:jar:4.2.7.RELEASE:compile,,,,,,,
820,0,0,0,100,0,[INFO] |  |  \\- org.springframework:spring-expression:jar:4.2.7.RELEASE:compile,,,,,,,
821,0,0,0,100,0,[INFO] |  +- org.springframework:spring-aop:jar:4.2.7.RELEASE:compile,,,,,,,
822,0,0,0,100,0,[INFO] |  |  \\- aopalliance:aopalliance:jar:1.0:compile,,,,,,,
823,0,0,0,100,0,[INFO] |  +- org.springframework:spring-beans:jar:4.2.7.RELEASE:compile,,,,,,,
824,0,0,0,100,0,[INFO] |  +- org.springframework:spring-core:jar:4.2.7.RELEASE:compile,,,,,,,
825,0,0,0,100,0,[INFO] |  \\- org.aspectj:aspectjrt:jar:1.8.9:compile,,,,,,,
826,0,0,0,100,0,[INFO] +- org.springframework:spring-aspects:jar:4.2.7.RELEASE:compile,,,,,,,
827,0,0,0,100,0,[INFO] +- org.aspectj:aspectjweaver:jar:1.8.9:compile,,,,,,,
828,1,1,1,100,1,I get errors like,,,,,,,
829,0,1,0,66.66666667,0,Caused by: org.springframework.beans.factory.BeanCreationException: Could not autowire field: private com.myapp.CatalogItemViewDao com.myapp.ProviderTestHistoryDao.catalogItemViewDao; nested exception is org.springframework.beans.factory.NoSuchBeanDefinitionException: No qualifying bean of type [com.myapp.CatalogItemViewDao] found for dependency: expected at least 1 bean which qualifies as autowire candidate for this dependency. Dependency annotations: {@org.springframework.beans.factory.annotation.Autowired(required=true)},,,,,,,
830,0,0,0,100,0,    at org.springframework.beans.factory.annotation.AutowiredAnnotationBeanPostProcessor$AutowiredFieldElement.inject(AutowiredAnnotationBeanPostProcessor.java:573),,,,,,,
831,0,0,0,100,0,    at org.springframework.beans.factory.annotation.InjectionMetadata.inject(InjectionMetadata.java:88),,,,,,,
832,0,0,0,100,0,    at org.springframework.beans.factory.annotation.AutowiredAnnotationBeanPostProcessor.postProcessPropertyValues(AutowiredAnnotationBeanPostProcessor.java:331),,,,,,,
833,0,0,1,66.66666667,0,    ... 40 more,,,,,,,
834,0,0,0,100,0,Caused by: org.springframework.beans.factory.NoSuchBeanDefinitionException: No qualifying bean of type [com.myapp.CatalogItemViewDao] found for dependency: expected at least 1 bean which qualifies as autowire candidate for this dependency. Dependency annotations: {@org.springframework.beans.factory.annotation.Autowired(required=true)},,,,,,,
835,1,0,0,66.66666667,0,    at org.springframework.beans.factory.support.DefaultListableBeanFactory.raiseNoSuchBeanDefinitionException(DefaultListableBeanFactory.java:1373),,,,,,,
836,0,0,0,100,0,    at org.springframework.beans.factory.support.DefaultListableBeanFactory.doResolveDependency(DefaultListableBeanFactory.java:1119),,,,,,,
837,0,0,0,100,0,    at org.springframework.beans.factory.support.DefaultListableBeanFactory.resolveDependency(DefaultListableBeanFactory.java:1014),,,,,,,
838,0,0,0,100,0,    at org.springframework.beans.factory.annotation.AutowiredAnnotationBeanPostProcessor$AutowiredFieldElement.inject(AutowiredAnnotationBeanPostProcessor.java:545),,,,,,,
839,1,1,1,100,1,['I am currently struggling with an aspect of my assignment. I had to create a class for a proxy (MyCacheProxy) which would re-direct requests for pictures . It is below and seems to be fine.,,,,,,,
840,0,0,0,100,0,package ijp.proxy;,,,,,,,
841,0,0,0,100,0,import ijp.Picture;,,,,,,,
842,0,0,0,100,0,import ijp.service.Service;,,,,,,,
843,0,0,0,100,0,import ijp.service.ServiceFromProperties;,,,,,,,
844,0,0,0,100,0,public class MyCacheProxy {,,,,,,,
845,0,0,0,100,0,private Service baseService = null;,,,,,,,
846,0,0,0,100,0,public MyCacheProxy() ,,,,,,,
847,0,0,0,100,0,"    baseService = new ServiceFromProperties(""MyCacheProxyTest.base_service"");",,,,,,,
848,0,0,0,100,0,"public Picture getPicture(String subject, int index)",,,,,,,
849,0,0,0,100,0,"    Picture picture = baseService.getPicture(subject, index);",,,,,,,
850,0,0,1,66.66666667,0,return picture;,,,,,,,
851,1,1,1,100,1,"We were then provided with the template of code for a class that would test that proxy. However, the template tests a separate proxy that is supplied in the library. What I want to do is for it to test the proxy I have created above, MyCacheProxy. I assumed this could be done by importing my MyCacheProxy class, but it didn\'t work.",,,,,,,
852,1,1,1,100,1,"I am really unsure on how to progress, and would appreciate any help or hints.",,,,,,,
853,0,0,0,100,0,package ijp.test;,,,,,,,
854,0,0,0,100,0,import static org.junit.Assert.*;,,,,,,,
855,0,0,0,100,0,import java.awt.image.BufferedImage;,,,,,,,
856,0,0,0,100,0,import org.junit.Test;,,,,,,,
857,0,0,0,100,0,import ijp.Picture;,,,,,,,
858,0,0,0,100,0,import ijp.proxy.CacheProxy;,,,,,,,
859,0,0,0,100,0,import ijp.service.Service;,,,,,,,
860,1,1,1,100,1,* A template for testing a cache proxy for the PictureViewer application.,,,,,,,
861,0,0,0,100,0,* @author YOUR NAME HERE,,,,,,,
862,0,0,0,100,0,* @version YOUR VERSION HERE,,,,,,,
863,0,0,1,66.66666667,0,public class MyCacheProxyTest implements Service {,,,,,,,
864,1,1,1,100,1, * Test that requests for the same subject and index return the same image.,,,,,,,
865,0,0,0,100,0,public void equalityTest() {,,,,,,,
866,0,0,0,100,0,    Service proxy = new CacheProxy(this);,,,,,,,
867,0,0,0,100,0,"    Picture firstPicture = proxy.getPicture(""equalityTest"",2);",,,,,,,
868,0,0,0,100,0,"    Picture secondPicture = proxy.getPicture(""equalityTest"",2);",,,,,,,
869,0,0,1,66.66666667,0,"            ""different picture returned for same subject (and index)"",",,,,,,,
870,0,1,1,66.66666667,1, * Return a picture from the simulated service.,,,,,,,
871,1,1,1,100,1, * This service simply returns an empty picture every time that it called.,,,,,,,
872,1,1,1,100,1," * Note that a <em>different</em> object is returned each time, even if the",,,,,,,
873,1,1,1,100,1, * subject and index are the same.,,,,,,,
874,0,1,0,66.66666667,0, * @param subject the requested subject,,,,,,,
875,1,1,1,100,1, * @param index the index of the picture within all pictures for the requested topic,,,,,,,
876,0,1,0,66.66666667,0, * @return the picture,,,,,,,
877,0,0,0,100,0,"public Picture getPicture(String subject, int index) {",,,,,,,
878,0,0,0,100,0,"    return new Picture((BufferedImage)null, subject ,serviceName(), index);",,,,,,,
879,1,1,1,100,1, * Return a textual name to identify the simulated service.,,,,,,,
880,1,1,0,66.66666667,1," * @return the name of the service (""cacheProxyTest"")",,,,,,,
881,0,0,0,100,0,public String serviceName() {,,,,,,,
882,0,0,0,100,0,"    return ""MyCacheProxyTest"";",,,,,,,
883,1,1,1,100,1,"['I have two java classes: Menu and PMotion. The Menu class contains a JButton as shown below. When this JButton is pressed, I want it to go to PMotion.java",,,,,,,
884,1,1,1,100,1,How to achieve this? ,,,,,,,
885,0,0,0,100,0,        public void actionPerformed(ActionEvent e) {,,,,,,,
886,1,1,1,100,1,// Here I need to write the code which takes the user to PMotion.java,,,,,,,
887,1,1,1,100,1,"[""I have written following code to publish some metrics around AWS Step function (its java lambda for aws)",,,,,,,
888,0,0,0,100,0,"public void handleRequest(InputStream input, OutputStream output, Context context) throws IOException {",,,,,,,
889,0,0,0,100,0,    int inProgressStateMachines = 0;,,,,,,,
890,0,0,0,100,0,    LocalDateTime now = LocalDateTime.now();,,,,,,,
891,0,0,0,100,0,"    long alarmThreshold = getAlarmThreshold(input, context.getLogger());",,,,,,,
892,0,0,0,100,0,    AWSStepFunctions awsStepFunctions = AWSStepFunctionsClientBuilder.standard().build();,,,,,,,
893,0,0,0,100,0,    ListStateMachinesRequest listStateMachinesRequest = new ListStateMachinesRequest();,,,,,,,
894,0,0,0,100,0,    ListStateMachinesResult listStateMachinesResult = awsStepFunctions.listStateMachines(listStateMachinesRequest);,,,,,,,
895,0,0,0,100,0,    for (StateMachineListItem stateMachineListItem : listStateMachinesResult.getStateMachines()) {,,,,,,,
896,0,0,0,100,0,        ListExecutionsRequest listExecutionRequest = new ListExecutionsRequest(),,,,,,,
897,0,0,0,100,0,        ListExecutionsResult listExecutionsResult = awsStepFunctions.listExecutions(listExecutionRequest);,,,,,,,
898,0,0,0,100,0,        for (ExecutionListItem executionListItem : listExecutionsResult.getExecutions()) {,,,,,,,
899,0,0,0,100,0,            LocalDateTime stateMachineStartTime = LocalDateTime.ofInstant(,,,,,,,
900,0,0,0,100,0,"                    executionListItem.getStartDate().toInstant(), ZoneId.systemDefault());",,,,,,,
901,0,0,0,100,0,"            long elapsedTime = ChronoUnit.SECONDS.between(stateMachineStartTime, now);",,,,,,,
902,0,0,0,100,0,            if (elapsedTime > alarmThreshold){,,,,,,,
903,1,1,1,100,1,Now I am trying to unit-test this method and having some issues. ,,,,,,,
904,1,1,1,100,1,"First of all, I get error that Mockito can not mock final class when i tried to mock AWSStepFunctionsClientBuilder. ",,,,,,,
905,1,1,1,100,1,"Secondly, I have private methods which are being called with specific params. ",,,,,,,
906,1,1,1,100,1,The question is,,,,,,,
907,1,1,1,100,1,How can i unit test this code? I read it somewhere that if a code isn't unit-testable then its a bad design. How can i improve this code so that its easily testable? I would prefer to keep those helper methods as private methods.,,,,,,,
908,1,1,1,100,1,How can i mock final objects from AWS SDK to test this code? I can not use any other framework but Mockito. ,,,,,,,
909,1,1,1,100,1,"['I am trying to find a way to print Java ArrayLists to Yaml lists, in the following format:",,,,,,,
910,1,1,1,100,1,"However,I have only managed to print them into Yaml lists in the alternative format:",,,,,,,
911,1,1,1,100,1,"Is there a way that the first can be done with a setting in Jackson? I know it can be done with SnakeYaml, but do not want to follow this path.",,,,,,,
912,1,1,1,100,1,"In case the answer to this question is no, I also have created a custom serializer, which serializes the Java list to the desired format ([list-element1,list-element2,list-element3...]) and adds it to the jsonGenerator passed to the ",,,,,,,
913,0,1,1,66.66666667,1,serialize(...) method by calling ,,,,,,,
914,0,0,0,100,0,"jasonGenerator.writeStringField(""ArrayList"", list_string.toString()).",,,,,,,
915,1,1,1,100,1,"However, when I call",,,,,,,
916,0,0,0,100,0,String yamlString = mapper.writeValueAsString(object_to_serialize),,,,,,,
917,1,1,1,100,1,the output is in the form of,,,,,,,
918,1,1,1,100,1,"(quoted), even though minimize quotes is enabled in the respective YAMLFactory.",,,,,,,
919,1,1,1,100,1,"Is there another solution, besides parsing yamlString and replacing the offending characters?",,,,,,,
920,1,1,1,100,1,"[""This question is just informal and thus I cannot provide any sort of MWE/example/...",,,,,,,
921,1,1,1,100,1,I thought of developing a Java application to interact with the eBay API.,,,,,,,
922,1,1,1,100,1,"To do so, one has to obtain a (private) key from them to authenticate to avoid a single application disturbing the normal processes. It's clear that putting these keys in a Git repository for example and publishing the repo was a bad idea.",,,,,,,
923,1,1,1,100,1,"On the other hand, I would like to allow others to contribute and/or use my code for their own work (classic open-source approach).",,,,,,,
924,1,1,1,100,1,I could think of the following approaches to solve the issue:,,,,,,,
925,1,1,1,100,1,"Write the main code as a LGPL library and write a small application using the library plus the keys. Thus, the library can be published without problems.",,,,,,,
926,1,1,1,100,1,Create a separate class that contains the keys; do not put this into the repository.,,,,,,,
927,1,1,1,100,1,Add a text file outside the VCS (or ignored by it) to the project and read it at runtime from the .jar file.,,,,,,,
928,1,1,1,100,1,Do some fancy stuff at compile time: somehow replace just before the real compiler runs the correct data into the source files and remove afterwards. That is wrap the compiler in a shell script or configure user defined compilation routines for the critical file.,,,,,,,
929,1,1,1,100,1,"The benefit of the first two approaches are that it is complicated to regain the key from the completed jar file (I guess, please correct me if it is easily reverse-engineerable). The downside is that any other person will not be able to compile the program. In case 1, the main method is missing; in case 2, a whole class will be referenced but nor be present.",,,,,,,
930,1,1,1,100,1,"Case 3 is a bad idea because, if you have the jar file, you can directly extract the key as text file and have it in plain text.",,,,,,,
931,1,1,1,100,1,"Case 4 is, in my own opinion, also not the best solution: messing around with source code at compile time looks quite nasty to me. Nevertheless, it was (as far as I can think of it) the best solution of these presented here.",,,,,,,
932,1,1,1,100,1,Can you think of a better solution?,,,,,,,
933,1,1,1,100,1,How are such problems handled correctly?,,,,,,,
934,1,1,1,100,1,To make things clearer:,,,,,,,
935,1,1,1,100,1,I am not worried about the credentials of the users that are using my application.,,,,,,,
936,1,1,1,100,1,Instead eBay requires that each program using their API authenticates itself with a key.,,,,,,,
937,1,1,1,100,1,This way eBay can shut down singe applications if running zombie or doing illegal things (in terms of the license agreement).,,,,,,,
938,1,1,1,100,1,These keys (the access keys for the API) need to be readable by the application (otherwise I could not authenticate with them) but these keys must not be available to anybody else.,,,,,,,
939,1,1,1,100,1,If anybody had the keys he/she could send API calls in the name of my program and lead to my keys getting revoked.,,,,,,,
940,1,1,1,100,1,"[""I am using :",,,,,,,
941,0,1,1,66.66666667,1,Latest version of play framework wi.-> 2.3.5,,,,,,,
942,0,1,0,66.66666667,0,Latest version of Denodo -> 5.5 win ,,,,,,,
943,1,1,1,100,1,Denodo is using Apache Common Codec 1.3 whereas Play is using few new methods introduced in Apacahe Common Codec 1.4 (E.g. Caused by: java.lang.NoSuchMethodError: org.apache.commons.codec.digest.DigestUtils.sha1Hex(Ljava/lang/String;)Ljava/lang/String;). Somehow denodo's legacy jar is getting preference over play's jar. ,,,,,,,
944,1,1,1,100,1,Is there any way to get rid of this situation?,,,,,,,
945,1,1,1,100,1,"['I have a Java solution in which its main thread runs a JavaFX desktop application. In addition, another thread is created that takes care of a REST service by using an embedded web-server. By using a REST client, I can access the REST service, but I cannot access an object existing in the context of the main thread because I am not actually in that thread. Please any suggestions on how to approach this problem.  ",,,,,,,
946,0,0,1,66.66666667,0,public class Main extends Application {,,,,,,,
947,0,0,1,66.66666667,0,    public static MyBrowser myBrowser;,,,,,,,
948,0,0,1,66.66666667,0,    public void start(final Stage primaryStage) {,,,,,,,
949,0,0,0,100,0,"        myBrowser = new MyBrowser(""http://localhost:8080/terminal"");",,,,,,,
950,0,0,0,100,0,        Scene scene1 = null;,,,,,,,
951,0,0,0,100,0,        Screen s1 = null;       ,,,,,,,
952,0,0,0,100,0,        Rectangle2D screenBounds = Screen.getScreens().get(0).getVisualBounds();,,,,,,,
953,0,0,0,100,0,        s1 = Screen.getScreens().get(0); // i replaced per 0,,,,,,,
954,0,0,0,100,0,"        scene1 = new Scene(myBrowser, screenBounds.getWidth(), screenBounds.getHeight());",,,,,,,
955,0,0,0,100,0,"        primaryStage.setTitle(""Terminal 1"");",,,,,,,
956,0,0,0,100,0,"        log.info(""before show() method..."");",,,,,,,
957,0,0,0,100,0,        // launch jetty web-server for REST services,,,,,,,
958,0,0,0,100,0,"        log.info(""about to create a Thread object for running start() method..."");",,,,,,,
959,0,0,0,100,0,        MyThread jettyThread = new MyThread();,,,,,,,
960,0,0,0,100,0,    public static MyBrowser getMyBrowser() {,,,,,,,
961,0,0,1,66.66666667,0,        return myBrowser;,,,,,,,
962,0,0,0,100,0,    public static void main(String[] args) {,,,,,,,
963,0,0,1,66.66666667,0,        public class MyBrowser extends Region {,,,,,,,
964,0,0,1,66.66666667,0,            HBox toolbar;,,,,,,,
965,0,0,0,100,0,            public WebView webView = new WebView();,,,,,,,
966,0,0,0,100,0,            WebEngine webEngine = webView.getEngine();,,,,,,,
967,0,0,0,100,0,    public class MyThread extends Thread {,,,,,,,
968,0,0,0,100,0,        public void run() {,,,,,,,
969,0,0,1,66.66666667,0,            try {,,,,,,,
970,0,0,0,100,0,            } catch (InterruptedException e) {,,,,,,,
971,0,0,0,100,0,                // TODO Auto-generated catch block,,,,,,,
972,0,0,0,100,0,            } catch (Exception e) {,,,,,,,
973,0,0,0,100,0,                // TODO Auto-generated catch block,,,,,,,
974,1,0,1,66.66666667,1,['I\'m trying to use the maxConnectionAge property inside my bean:,,,,,,,
975,0,0,0,100,0,"<bean id=""dataSource"" class=""com.mchange.v2.c3p0.ComboPooledDataSource"" ",,,,,,,
976,0,0,0,100,0,"   <property name=""maxConnectionAge"" value=""7200"" />",,,,,,,
977,0,0,0,100,0,my pom.xml:,,,,,,,
978,0,0,0,100,0,    <dependency>,,,,,,,
979,1,1,1,100,1,"the problem is that the setters and getters are not available for the property of maxConnectionAge, even when i try to create:",,,,,,,
980,0,0,0,100,0,  ComboPooledDataSource cpds = new ComboPooledDataSource();,,,,,,,
981,0,0,0,100,0,  cpds.setMaxConnectionAge() <- its not recognized by the intellisense,,,,,,,
982,1,1,1,100,1,How can i use maxConnectionAge ?,,,,,,,
983,0,1,1,66.66666667,1,the error:,,,,,,,
984,0,0,0,100,0,"   <property name=""maxConnectionAge"" value=""7200"" />",,,,,,,
985,1,1,1,100,1,"['I have a simple job (Apache Beam SDK for Java 2.2.0) that read messages from PubSub subscription, read configs from side input, apply transformations to messages and send results to another PubSub topic",,,,,,,
986,1,1,1,100,1,The issue is that the number of outgoing messages is not equal to the number of incoming messages. I\'m inserting 15 millions messages very quickly from another job (without manually specifying a timestamp). Issue seems to come with the presence of side input because without I have no more loss. In Dataflow monitoring we can see about 20000 lost messages.,,,,,,,
987,0,0,1,66.66666667,0,Job ID on DataflowRunner: 2018-01-17_05_33_45-3290466857677892673,,,,,,,
988,0,0,0,100,0,Job ID on DataflowRunner: 2018-01-17_05_33_45-3290466857677892673,,,,,,,
989,1,1,1,100,1,If I restart the same job the number of lost messages is not the same,,,,,,,
990,1,1,1,100,1,I created simple snippets to illustrate my issue ,,,,,,,
991,0,0,0,100,0,"String PROJECT_ID = ""..."";",,,,,,,
992,0,0,0,100,0,PipelineOptions options = PipelineOptionsFactory.fromArgs(args).withValidation().create();,,,,,,,
993,0,0,0,100,0,Pipeline p = Pipeline.create(options);,,,,,,,
994,0,0,0,100,0,"    .apply(PubsubIO.writeStrings().to(""projects/"" + PROJECT_ID + ""/topics/test_in""));",,,,,,,
995,0,1,1,66.66666667,1,Listenner ,,,,,,,
996,0,0,0,100,0,"String PROJECT_ID = ""..."";",,,,,,,
997,0,0,0,100,0,PipelineOptions options = PipelineOptionsFactory.fromArgs(args).withValidation().create();,,,,,,,
998,0,0,0,100,0,Pipeline p = Pipeline.create(options);,,,,,,,
999,0,0,0,100,0,PCollectionView<Long> sideInput = p,,,,,,,
1000,0,0,1,66.66666667,0,"    // 15,000,000 in input",,,,,,,
1001,0,0,0,100,0,"    .apply(PubsubIO.readMessages().fromSubscription(""projects/"" + PROJECT_ID + ""/subscriptions/test_in""))",,,,,,,
1002,0,0,0,100,0,"    .apply(ParDo.of(new DoFn<PubsubMessage, PubsubMessage>() {",,,,,,,
1003,0,0,0,100,0,        public void processElement(ProcessContext c) {,,,,,,,
1004,0,0,1,66.66666667,0,"    // 14,978,010 in output",,,,,,,
1005,0,0,0,100,0,"    .apply(PubsubIO.writeMessages().to(""projects/"" + PROJECT_ID + ""/topics/test_out""));",,,,,,,
1006,1,1,1,100,1,['I am trying to create 2 instances of Swagger unser 2 different context:,,,,,,,
